"STATION","DATE","LATITUDE","LONGITUDE","ELEVATION","NAME","PRCP","PRCP_ATTRIBUTES","SNOW","SNOW_ATTRIBUTES","SNWD","SNWD_ATTRIBUTES","DAPR","DAPR_ATTRIBUTES","MDPR","MDPR_ATTRIBUTES","WESD","WESD_ATTRIBUTES","WESF","WESF_ATTRIBUTES"
"US1ILAD0005","2007-07-10","39.87667","-91.370833","182.0","QUINCY 4.0 SSE, IL US","    0",",,N","    0",",,N",,,,,,,,,,
"US1ILAD0005","2007-07-11","39.87667","-91.370833","182.0","QUINCY 4.0 SSE, IL US","   33",",,N","    0",",,N",,,,,,,,,,
"US1ILAD0005","2007-07-12","39.87667","-91.370833","182.0","QUINCY 4.0 SSE, IL US","    0",",,N","    0",",,N",,,,,,,,,,
"US1ILAD0005","2007-07-13","39.87667","-91.370833","182.0","QUINCY 4.0 SSE, IL US","   10",",,N","    0",",,N",,,,,,,,,,
"US1ILAD0005","2007-07-14","39.87667","-91.370833","182.0","QUINCY 4.0 SSE, IL US","    0",",,N","    0",",,N",,,,,,,,,,
"US1ILAD0005","2007-07-15","39.87667","-91.370833","182.0","QUINCY 4.0 SSE, IL US","  124",",,N","    0",",,N",,,,,,,,,,
"US1ILAD0005","2007-07-16","39.87667","-91.370833","182.0","QUINCY 4.0 SSE, IL US","    0",",,N","    0",",,N",,,,,,,,,,
"US1ILAD0005","2007-07-17","39.87667","-91.370833","182.0","QUINCY 4.0 SSE, IL US","    5",",,N","    0",",,N",,,,,,,,,,
"US1ILAD0005","2007-07-18","39.87667","-91.370833","182.0","QUINCY 4.0 SSE, IL US","  239",",,N","    0",",,N",,,,,,,,,,
"US1ILAD0005","2007-07-19","39.87667","-91.370833","182.0","QUINCY 4.0 SSE, IL US","    0",",,N","    0",",,N",,,,,,,,,,
"US1ILAD0005","2007-07-20","39.87667","-91.370833","182.0","QUINCY 4.0 SSE, IL US","   10",",,N","    0",",,N",,,,,,,,,,
"US1ILAD0005","2007-07-21","39.87667","-91.370833","182.0","QUINCY 4.0 SSE, IL US","    0",",,N","    0",",,N",,,,,,,,,,
"US1ILAD0005","2007-07-22","39.87667","-91.370833","182.0","QUINCY 4.0 SSE, IL US","    0",",,N","    0",",,N",,,,,,,,,,
"US1ILAD0005","2007-07-23","39.87667","-91.370833","182.0","QUINCY 4.0 SSE, IL US","    0",",,N","    0",",,N",,,,,,,,,,
"US1ILAD0005","2007-07-24","39.87667","-91.370833","182.0","QUINCY 4.0 SSE, IL US","    0",",,N","    0",",,N",,,,,,,,,,
"US1ILAD0005","2007-07-25","39.87667","-91.370833","182.0","QUINCY 4.0 SSE, IL US","    0",",,N","    0",",,N",,,,,,,,,,
"US1ILAD0005","2007-07-26","39.87667","-91.370833","182.0","QUINCY 4.0 SSE, IL US","    0",",,N","    0",",,N",,,,,,,,,,
"US1ILAD0005","2007-07-27","39.87667","-91.370833","182.0","QUINCY 4.0 SSE, IL US","   97",",,N","    0",",,N",,,,,,,,,,
"US1ILAD0005","2007-07-28","39.87667","-91.370833","182.0","QUINCY 4.0 SSE, IL US","    0",",,N","    0",",,N",,,,,,,,,,
"US1ILAD0005","2007-07-29","39.87667","-91.370833","182.0","QUINCY 4.0 SSE, IL US","    0",",,N","    0",",,N",,,,,,,,,,
"US1ILAD0005","2007-08-07","39.87667","-91.370833","182.0","QUINCY 4.0 SSE, IL US",,,,,,,"    9",",,N","  231",",,N",,,,
"US1ILAD0005","2007-08-08","39.87667","-91.370833","182.0","QUINCY 4.0 SSE, IL US","  147",",,N","    0",",,N",,,,,,,,,,
"US1ILAD0005","2007-08-09","39.87667","-91.370833","182.0","QUINCY 4.0 SSE, IL US","   38",",,N","    0",",,N",,,,,,,,,,
"US1ILAD0005","2007-08-10","39.87667","-91.370833","182.0","QUINCY 4.0 SSE, IL US","    0",",,N","    0",",,N",,,,,,,,,,
"US1ILAD0005","2007-08-11","39.87667","-91.370833","182.0","QUINCY 4.0 SSE, IL US","    0",",,N","    0",",,N",,,,,,,,,,
"US1ILAD0005","2007-08-12","39.87667","-91.370833","182.0","QUINCY 4.0 SSE, IL US","    0",",,N","    0",",,N",,,,,,,,,,
"US1ILAD0005","2007-08-13","39.87667","-91.370833","182.0","QUINCY 4.0 SSE, IL US","   28",",,N","    0",",,N",,,,,,,,,,
"US1ILAD0005","2007-08-14","39.87667","-91.370833","182.0","QUINCY 4.0 SSE, IL US","    0",",,N","    0",",,N",,,,,,,,,,
"US1ILAD0005","2007-08-15","39.87667","-91.370833","182.0","QUINCY 4.0 SSE, IL US","    0",",,N","    0",",,N",,,,,,,,,,
"US1ILAD0005","2007-08-16","39.87667","-91.370833","182.0","QUINCY 4.0 SSE, IL US","    0",",,N","    0",",,N",,,,,,,,,,
"US1ILAD0005","2007-08-17","39.87667","-91.370833","182.0","QUINCY 4.0 SSE, IL US","  244",",,N","    0",",,N",,,,,,,,,,
"US1ILAD0005","2007-08-18","39.87667","-91.370833","182.0","QUINCY 4.0 SSE, IL US","    0",",,N","    0",",,N",,,,,,,,,,
"US1ILAD0005","2007-08-19","39.87667","-91.370833","182.0","QUINCY 4.0 SSE, IL US","   13",",,N","    0",",,N",,,,,,,,,,
"US1ILAD0005","2007-08-20","39.87667","-91.370833","182.0","QUINCY 4.0 SSE, IL US","   43",",,N","    0",",,N",,,,,,,,,,
"US1ILAD0005","2007-08-21","39.87667","-91.370833","182.0","QUINCY 4.0 SSE, IL US","   41",",,N","    0",",,N",,,,,,,,,,
"US1ILAD0005","2007-08-22","39.87667","-91.370833","182.0","QUINCY 4.0 SSE, IL US","    0",",,N","    0",",,N",,,,,,,,,,
"US1ILAD0005","2007-08-23","39.87667","-91.370833","182.0","QUINCY 4.0 SSE, IL US","   33",",,N","    0",",,N",,,,,,,,,,
"US1ILAD0005","2007-08-24","39.87667","-91.370833","182.0","QUINCY 4.0 SSE, IL US","   46",",,N","    0",",,N",,,,,,,,,,
"US1ILAD0005","2007-08-25","39.87667","-91.370833","182.0","QUINCY 4.0 SSE, IL US","  351",",,N","    0",",,N",,,,,,,,,,
"US1ILAD0005","2007-09-03","39.87667","-91.370833","182.0","QUINCY 4.0 SSE, IL US",,,,,,,"    9",",,N","    0",",,N",,,,
"US1ILAD0005","2007-09-04","39.87667","-91.370833","182.0","QUINCY 4.0 SSE, IL US","    0",",,N","    0",",,N",,,,,,,,,,
"US1ILAD0005","2007-09-05","39.87667","-91.370833","182.0","QUINCY 4.0 SSE, IL US","    0",",,N","    0",",,N",,,,,,,,,,
"US1ILAD0005","2007-09-06","39.87667","-91.370833","182.0","QUINCY 4.0 SSE, IL US","  145",",,N","    0",",,N",,,,,,,,,,
"US1ILAD0005","2007-09-07","39.87667","-91.370833","182.0","QUINCY 4.0 SSE, IL US","   25",",,N","    0",",,N",,,,,,,,,,
"US1ILAD0005","2007-09-08","39.87667","-91.370833","182.0","QUINCY 4.0 SSE, IL US","    0",",,N","    0",",,N",,,,,,,,,,
"US1ILAD0005","2007-09-09","39.87667","-91.370833","182.0","QUINCY 4.0 SSE, IL US","    0",",,N","    0",",,N",,,,,,,,,,
"US1ILAD0005","2007-09-10","39.87667","-91.370833","182.0","QUINCY 4.0 SSE, IL US","    0",",,N","    0",",,N",,,,,,,,,,
"US1ILAD0005","2007-09-11","39.87667","-91.370833","182.0","QUINCY 4.0 SSE, IL US","   18",",,N","    0",",,N",,,,,,,,,,
"US1ILAD0005","2007-09-12","39.87667","-91.370833","182.0","QUINCY 4.0 SSE, IL US","    0",",,N","    0",",,N",,,,,,,,,,
"US1ILAD0005","2007-09-13","39.87667","-91.370833","182.0","QUINCY 4.0 SSE, IL US","    0",",,N","    0",",,N",,,,,,,,,,
"US1ILAD0005","2007-09-14","39.87667","-91.370833","182.0","QUINCY 4.0 SSE, IL US","    0",",,N","    0",",,N",,,,,,,,,,
"US1ILAD0005","2007-09-15","39.87667","-91.370833","182.0","QUINCY 4.0 SSE, IL US","    0",",,N","    0",",,N",,,,,,,,,,
"US1ILAD0005","2007-09-16","39.87667","-91.370833","182.0","QUINCY 4.0 SSE, IL US","    0",",,N","    0",",,N",,,,,,,,,,
"US1ILAD0005","2007-09-17","39.87667","-91.370833","182.0","QUINCY 4.0 SSE, IL US","    0",",,N","    0",",,N",,,,,,,,,,
"US1ILAD0005","2007-09-18","39.87667","-91.370833","182.0","QUINCY 4.0 SSE, IL US","    0",",,N","    0",",,N",,,,,,,,,,
"US1ILAD0005","2007-09-19","39.87667","-91.370833","182.0","QUINCY 4.0 SSE, IL US","    0",",,N","    0",",,N",,,,,,,,,,
"US1ILAD0005","2007-09-20","39.87667","-91.370833","182.0","QUINCY 4.0 SSE, IL US","    0",",L,N","    0",",,N",,,,,,,,,,
"US1ILAD0005","2007-10-09","39.87667","-91.370833","182.0","QUINCY 4.0 SSE, IL US",,,,,,,"   20",",L,N","  584",",L,N",,,,
"US1ILAD0005","2007-10-10","39.87667","-91.370833","182.0","QUINCY 4.0 SSE, IL US","    0",",,N","    0",",,N",,,,,,,,,,
"US1ILAD0005","2007-10-11","39.87667","-91.370833","182.0","QUINCY 4.0 SSE, IL US","    0",",,N","    0",",,N",,,,,,,,,,
"US1ILAD0005","2007-10-12","39.87667","-91.370833","182.0","QUINCY 4.0 SSE, IL US","    0",",,N","    0",",,N",,,,,,,,,,
"US1ILAD0005","2007-10-13","39.87667","-91.370833","182.0","QUINCY 4.0 SSE, IL US","    0",",,N","    0",",,N",,,,,,,,,,
"US1ILAD0005","2007-10-14","39.87667","-91.370833","182.0","QUINCY 4.0 SSE, IL US","   56",",,N","    0",",,N",,,,,,,,,,
"US1ILAD0005","2007-10-15","39.87667","-91.370833","182.0","QUINCY 4.0 SSE, IL US","    0",",,N","    0",",,N",,,,,,,,,,
"US1ILAD0005","2007-10-16","39.87667","-91.370833","182.0","QUINCY 4.0 SSE, IL US","    8",",,N","    0",",,N",,,,,,,,,,
"US1ILAD0005","2007-10-17","39.87667","-91.370833","182.0","QUINCY 4.0 SSE, IL US","    0",",,N","    0",",,N",,,,,,,,,,
"US1ILAD0005","2007-10-18","39.87667","-91.370833","182.0","QUINCY 4.0 SSE, IL US","  287",",,N","    0",",,N",,,,,,,,,,
"US1ILAD0005","2007-10-19","39.87667","-91.370833","182.0","QUINCY 4.0 SSE, IL US","   13",",,N","    0",",,N",,,,,,,,,,
"US1ILAD0005","2007-10-20","39.87667","-91.370833","182.0","QUINCY 4.0 SSE, IL US","    0",",,N","    0",",,N",,,,,,,,,,
"US1ILAD0005","2007-10-21","39.87667","-91.370833","182.0","QUINCY 4.0 SSE, IL US","    0",",,N","    0",",,N",,,,,,,,,,
"US1ILAD0005","2007-10-22","39.87667","-91.370833","182.0","QUINCY 4.0 SSE, IL US","    0",",,N","    0",",,N",,,,,,,,,,
"US1ILAD0005","2007-10-23","39.87667","-91.370833","182.0","QUINCY 4.0 SSE, IL US","   10",",,N","    0",",,N",,,,,,,,,,
"US1ILAD0005","2007-10-24","39.87667","-91.370833","182.0","QUINCY 4.0 SSE, IL US","    0",",,N","    0",",,N",,,,,,,,,,
"US1ILAD0005","2007-10-25","39.87667","-91.370833","182.0","QUINCY 4.0 SSE, IL US","    0",",,N","    0",",,N",,,,,,,,,,
"US1ILAD0005","2007-10-26","39.87667","-91.370833","182.0","QUINCY 4.0 SSE, IL US","    5",",,N","    0",",,N",,,,,,,,,,
"US1ILAD0005","2007-10-27","39.87667","-91.370833","182.0","QUINCY 4.0 SSE, IL US","   33",",,N","    0",",,N",,,,,,,,,,
"US1ILAD0005","2007-10-28","39.87667","-91.370833","182.0","QUINCY 4.0 SSE, IL US","    0",",,N","    0",",,N",,,,,,,,,,
"US1ILAD0005","2007-10-30","39.87667","-91.370833","182.0","QUINCY 4.0 SSE, IL US","    0",",,N","    0",",,N",,,,,,,,,,
"US1ILAD0005","2007-10-31","39.87667","-91.370833","182.0","QUINCY 4.0 SSE, IL US","    0",",,N","    0",",,N",,,,,,,,,,
"US1ILAD0005","2007-11-01","39.87667","-91.370833","182.0","QUINCY 4.0 SSE, IL US","    0",",,N","    0",",,N",,,,,,,,,,
"US1ILAD0005","2007-11-02","39.87667","-91.370833","182.0","QUINCY 4.0 SSE, IL US","    0",",,N","    0",",,N",,,,,,,,,,
"US1ILAD0005","2007-11-03","39.87667","-91.370833","182.0","QUINCY 4.0 SSE, IL US","    0",",,N","    0",",,N",,,,,,,,,,
"US1ILAD0005","2007-11-04","39.87667","-91.370833","182.0","QUINCY 4.0 SSE, IL US","    0",",,N","    0",",,N",,,,,,,,,,
"US1ILAD0005","2007-11-05","39.87667","-91.370833","182.0","QUINCY 4.0 SSE, IL US","    0",",,N","    0",",,N",,,,,,,,,,
"US1ILAD0005","2007-11-06","39.87667","-91.370833","182.0","QUINCY 4.0 SSE, IL US","    0",",,N","    0",",,N",,,,,,,,,,
"US1ILAD0005","2007-11-07","39.87667","-91.370833","182.0","QUINCY 4.0 SSE, IL US","    0",",,N","    0",",,N",,,,,,,,,,
"US1ILAD0005","2007-11-08","39.87667","-91.370833","182.0","QUINCY 4.0 SSE, IL US","    0",",,N","    0",",,N",,,,,,,,,,
"US1ILAD0005","2007-11-09","39.87667","-91.370833","182.0","QUINCY 4.0 SSE, IL US","    0",",,N","    0",",,N",,,,,,,,,,
"US1ILAD0005","2007-11-10","39.87667","-91.370833","182.0","QUINCY 4.0 SSE, IL US","    0",",,N","    0",",,N",,,,,,,,,,
"US1ILAD0005","2007-11-11","39.87667","-91.370833","182.0","QUINCY 4.0 SSE, IL US","    0",",,N","    0",",,N",,,,,,,,,,
"US1ILAD0005","2007-11-12","39.87667","-91.370833","182.0","QUINCY 4.0 SSE, IL US","    0",",,N","    0",",,N",,,,,,,,,,
"US1ILAD0005","2007-11-13","39.87667","-91.370833","182.0","QUINCY 4.0 SSE, IL US","   79",",,N","    0",",,N",,,,,,,,,,
"US1ILAD0005","2007-11-14","39.87667","-91.370833","182.0","QUINCY 4.0 SSE, IL US","    0",",,N","    0",",,N",,,,,,,,,,
"US1ILAD0005","2007-11-15","39.87667","-91.370833","182.0","QUINCY 4.0 SSE, IL US","    0",",,N","    0",",,N",,,,,,,,,,
"US1ILAD0005","2007-11-16","39.87667","-91.370833","182.0","QUINCY 4.0 SSE, IL US","    0",",,N","    0",",,N",,,,,,,,,,
"US1ILAD0005","2007-11-17","39.87667","-91.370833","182.0","QUINCY 4.0 SSE, IL US","    0",",,N","    0",",,N",,,,,,,,,,
"US1ILAD0005","2007-11-18","39.87667","-91.370833","182.0","QUINCY 4.0 SSE, IL US","    0",",,N","    0",",,N",,,,,,,,,,
"US1ILAD0005","2007-11-19","39.87667","-91.370833","182.0","QUINCY 4.0 SSE, IL US","    0",",,N","    0",",,N",,,,,,,,,,
"US1ILAD0005","2007-11-20","39.87667","-91.370833","182.0","QUINCY 4.0 SSE, IL US","    0",",,N","    0",",,N",,,,,,,,,,
"US1ILAD0005","2007-11-21","39.87667","-91.370833","182.0","QUINCY 4.0 SSE, IL US","  147",",,N","    0",",,N",,,,,,,,,,
"US1ILAD0005","2007-11-22","39.87667","-91.370833","182.0","QUINCY 4.0 SSE, IL US","  335",",,N","    3",",,N",,,,,,,,,"   10",",,N"
"US1ILAD0005","2007-11-23","39.87667","-91.370833","182.0","QUINCY 4.0 SSE, IL US","    5",",,N","    3",",,N","    0","T,,N",,,,,,,"    3",",,N"
"US1ILAD0005","2007-11-24","39.87667","-91.370833","182.0","QUINCY 4.0 SSE, IL US","    0",",,N","    0",",,N",,,,,,,,,,
"US1ILAD0005","2007-11-25","39.87667","-91.370833","182.0","QUINCY 4.0 SSE, IL US","    0",",,N","    0",",,N",,,,,,,,,,
"US1ILAD0005","2007-11-28","39.87667","-91.370833","182.0","QUINCY 4.0 SSE, IL US","    0",",L,N","    0",",,N",,,,,,,,,,
"US1ILAD0005","2007-12-03","39.87667","-91.370833","182.0","QUINCY 4.0 SSE, IL US",,,,,"    0",",,N","    7",",L,N","  142",",L,N",,,,
"US1ILAD0005","2007-12-04","39.87667","-91.370833","182.0","QUINCY 4.0 SSE, IL US","    0",",,N","    0",",,N",,,,,,,,,,
"US1ILAD0005","2007-12-05","39.87667","-91.370833","182.0","QUINCY 4.0 SSE, IL US","    0",",,N","    0",",,N",,,,,,,,,,
"US1ILAD0005","2007-12-06","39.87667","-91.370833","182.0","QUINCY 4.0 SSE, IL US","    0",",,N","    0",",,N",,,,,,,,,,
"US1ILAD0005","2007-12-08","39.87667","-91.370833","182.0","QUINCY 4.0 SSE, IL US","    8",",,N","    0",",,N",,,,,,,,,,
"US1ILAD0005","2007-12-09","39.87667","-91.370833","182.0","QUINCY 4.0 SSE, IL US","   76",",,N","    0",",,N",,,,,,,,,,
"US1ILAD0005","2007-12-10","39.87667","-91.370833","182.0","QUINCY 4.0 SSE, IL US","    5",",,N","    0",",,N",,,,,,,,,,
"US1ILAD0005","2007-12-11","39.87667","-91.370833","182.0","QUINCY 4.0 SSE, IL US","  249",",,N","    0",",,N",,,,,,,,,,
"US1ILAD0005","2007-12-12","39.87667","-91.370833","182.0","QUINCY 4.0 SSE, IL US","   86",",,N","    0",",,N",,,,,,,,,,
"US1ILAD0005","2007-12-13","39.87667","-91.370833","182.0","QUINCY 4.0 SSE, IL US","    3",",,N","    3",",,N",,,,,,,"    3",",,N","    3",",,N"
"US1ILAD0005","2007-12-14","39.87667","-91.370833","182.0","QUINCY 4.0 SSE, IL US","    0",",,N","    0",",,N",,,,,,,,,,
"US1ILAD0005","2007-12-15","39.87667","-91.370833","182.0","QUINCY 4.0 SSE, IL US","   33",",,N","   33",",,N",,,,,,,"   33",",,N","   33",",,N"
"US1ILAD0005","2007-12-19","39.87667","-91.370833","182.0","QUINCY 4.0 SSE, IL US",,,,,"   38",",,N","    4",",,N","    0",",,N",,,,
"US1ILAD0005","2007-12-20","39.87667","-91.370833","182.0","QUINCY 4.0 SSE, IL US","    0",",,N","    0",",,N",,,,,,,"   64",",,N",,
"US1ILAD0005","2007-12-21","39.87667","-91.370833","182.0","QUINCY 4.0 SSE, IL US","    0",",,N","    0",",,N",,,,,,,,,,
"US1ILAD0005","2007-12-22","39.87667","-91.370833","182.0","QUINCY 4.0 SSE, IL US","    0",",,N","    0",",,N",,,,,,,,,,
"US1ILAD0005","2008-01-08","39.87667","-91.370833","182.0","QUINCY 4.0 SSE, IL US","  714",",L,N","    0",",,N",,,,,,,,,,
"US1ILAD0005","2008-01-10","39.87667","-91.370833","182.0","QUINCY 4.0 SSE, IL US",,,,,"    0",",,N","    3",",L,N","   15",",L,N","    0",",,N",,
"US1ILAD0005","2008-01-11","39.87667","-91.370833","182.0","QUINCY 4.0 SSE, IL US","   20",",,N","    0",",,N",,,,,,,,,,
"US1ILAD0005","2008-01-14","39.87667","-91.370833","182.0","QUINCY 4.0 SSE, IL US",,,,,"    0",",,N","    2",",,N","    0",",,N","    0",",,N",,
"US1ILAD0005","2008-01-15","39.87667","-91.370833","182.0","QUINCY 4.0 SSE, IL US","    0",",,N","    0",",,N",,,,,,,,,,
"US1ILAD0005","2008-01-16","39.87667","-91.370833","182.0","QUINCY 4.0 SSE, IL US","    0",",,N","    0",",,N",,,,,,,,,,
"US1ILAD0005","2008-01-17","39.87667","-91.370833","182.0","QUINCY 4.0 SSE, IL US","   18",",,N","    0",",,N",,,,,,,,,,
"US1ILAD0005","2008-01-18","39.87667","-91.370833","182.0","QUINCY 4.0 SSE, IL US","    5",",,N","    0",",,N",,,,,,,,,,
"US1ILAD0005","2008-01-19","39.87667","-91.370833","182.0","QUINCY 4.0 SSE, IL US","    0",",,N","    0",",,N",,,,,,,,,,
"US1ILAD0005","2008-01-20","39.87667","-91.370833","182.0","QUINCY 4.0 SSE, IL US","    0",",,N","    0",",,N",,,,,,,,,,
"US1ILAD0005","2008-01-21","39.87667","-91.370833","182.0","QUINCY 4.0 SSE, IL US","    0",",,N","    0",",,N",,,,,,,,,,
"US1ILAD0005","2008-01-22","39.87667","-91.370833","182.0","QUINCY 4.0 SSE, IL US","   10",",,N","    8",",,N",,,,,,,,,"   10",",,N"
"US1ILAD0005","2008-01-23","39.87667","-91.370833","182.0","QUINCY 4.0 SSE, IL US","    0",",,N","    0",",,N",,,,,,,,,,
"US1ILAD0005","2008-01-24","39.87667","-91.370833","182.0","QUINCY 4.0 SSE, IL US","    0",",,N","    0",",,N",,,,,,,,,,
"US1ILAD0005","2008-01-25","39.87667","-91.370833","182.0","QUINCY 4.0 SSE, IL US","    0",",,N","    0",",,N",,,,,,,,,,
"US1ILAD0005","2008-03-09","39.87667","-91.370833","182.0","QUINCY 4.0 SSE, IL US",,,,,"    0",",,N","   43",",L,N"," 1107",",L,N","    0",",,N",,
"US1ILAD0005","2008-03-10","39.87667","-91.370833","182.0","QUINCY 4.0 SSE, IL US","    0",",,N","    0",",,N",,,,,,,,,,
"US1ILAD0005","2008-03-11","39.87667","-91.370833","182.0","QUINCY 4.0 SSE, IL US","    0",",,N","    0",",,N",,,,,,,,,,
"US1ILAD0005","2008-03-13","39.87667","-91.370833","182.0","QUINCY 4.0 SSE, IL US",,,,,"    0",",,N","    2",",,N","    0",",,N","    0",",,N",,
"US1ILAD0005","2008-03-14","39.87667","-91.370833","182.0","QUINCY 4.0 SSE, IL US","    0",",,N","    0",",,N",,,,,,,,,,
"US1ILAD0005","2008-03-15","39.87667","-91.370833","182.0","QUINCY 4.0 SSE, IL US","   38",",,N","    0",",,N",,,,,,,,,,
"US1ILAD0005","2008-03-16","39.87667","-91.370833","182.0","QUINCY 4.0 SSE, IL US","   64",",,N","    0",",,N",,,,,,,,,,
"US1ILAD0005","2008-03-17","39.87667","-91.370833","182.0","QUINCY 4.0 SSE, IL US","    0",",,N","    0",",,N",,,,,,,,,,
"US1ILAD0005","2008-03-18","39.87667","-91.370833","182.0","QUINCY 4.0 SSE, IL US","  338",",,N","    0",",,N",,,,,,,,,,
"US1ILAD0005","2008-03-19","39.87667","-91.370833","182.0","QUINCY 4.0 SSE, IL US","    8",",,N","    0",",,N",,,,,,,,,,
"US1ILAD0005","2008-03-20","39.87667","-91.370833","182.0","QUINCY 4.0 SSE, IL US","    0",",,N","    0",",,N",,,,,,,,,,
"US1ILAD0005","2008-03-21","39.87667","-91.370833","182.0","QUINCY 4.0 SSE, IL US","    0",",,N","    0",",,N",,,,,,,,,,
"US1ILAD0005","2008-03-22","39.87667","-91.370833","182.0","QUINCY 4.0 SSE, IL US","    0",",,N","    0",",,N",,,,,,,,,,
"US1ILAD0005","2008-03-23","39.87667","-91.370833","182.0","QUINCY 4.0 SSE, IL US","    3",",,N","   13",",,N",,,,,,,,,"    3",",,N"
"US1ILAD0005","2008-03-24","39.87667","-91.370833","182.0","QUINCY 4.0 SSE, IL US","    3",",,N","    0",",,N",,,,,,,,,,
"US1ILAD0005","2008-04-01","39.87667","-91.370833","182.0","QUINCY 4.0 SSE, IL US",,,,,"    0",",,N","    7",",,N","  152",",,N","    0",",,N",,
"US1ILAD0005","2008-04-02","39.87667","-91.370833","182.0","QUINCY 4.0 SSE, IL US","    0",",,N","    0",",,N",,,,,,,,,,
"US1ILAD0005","2008-04-03","39.87667","-91.370833","182.0","QUINCY 4.0 SSE, IL US","    0",",,N","    0",",,N",,,,,,,,,,
"US1ILAD0005","2008-04-04","39.87667","-91.370833","182.0","QUINCY 4.0 SSE, IL US","   13",",,N","    0",",,N",,,,,,,,,,
"US1ILAD0005","2008-04-05","39.87667","-91.370833","182.0","QUINCY 4.0 SSE, IL US","    0",",,N","    0",",,N",,,,,,,,,,
"US1ILAD0005","2008-04-06","39.87667","-91.370833","182.0","QUINCY 4.0 SSE, IL US","    0",",,N","    0",",,N",,,,,,,,,,
"US1ILAD0005","2008-04-07","39.87667","-91.370833","182.0","QUINCY 4.0 SSE, IL US","    0",",,N","    0",",,N",,,,,,,,,,
"US1ILAD0005","2008-04-08","39.87667","-91.370833","182.0","QUINCY 4.0 SSE, IL US","   41",",,N","    0",",,N",,,,,,,,,,
"US1ILAD0005","2008-04-09","39.87667","-91.370833","182.0","QUINCY 4.0 SSE, IL US","  185",",,N","    0",",,N",,,,,,,,,,
"US1ILAD0005","2008-04-10","39.87667","-91.370833","182.0","QUINCY 4.0 SSE, IL US","  140",",,N","    0",",,N",,,,,,,,,,
"US1ILAD0005","2008-04-11","39.87667","-91.370833","182.0","QUINCY 4.0 SSE, IL US","  343",",,N","    0",",,N",,,,,,,,,,
"US1ILAD0005","2008-04-12","39.87667","-91.370833","182.0","QUINCY 4.0 SSE, IL US","   10",",,N","    0",",,N",,,,,,,,,,
"US1ILAD0005","2008-04-13","39.87667","-91.370833","182.0","QUINCY 4.0 SSE, IL US","   10",",,N","    0",",,N",,,,,,,,,,
"US1ILAD0005","2008-04-14","39.87667","-91.370833","182.0","QUINCY 4.0 SSE, IL US","    3",",,N","    0",",,N",,,,,,,,,,
"US1ILAD0005","2008-04-15","39.87667","-91.370833","182.0","QUINCY 4.0 SSE, IL US","    0",",,N","    0",",,N",,,,,,,,,,
"US1ILAD0005","2008-04-16","39.87667","-91.370833","182.0","QUINCY 4.0 SSE, IL US","    0",",,N","    0",",,N",,,,,,,,,,
"US1ILAD0005","2008-04-17","39.87667","-91.370833","182.0","QUINCY 4.0 SSE, IL US","    0",",,N","    0",",,N",,,,,,,,,,
"US1ILAD0005","2008-04-18","39.87667","-91.370833","182.0","QUINCY 4.0 SSE, IL US","    0",",,N","    0",",,N",,,,,,,,,,
"US1ILAD0005","2008-04-19","39.87667","-91.370833","182.0","QUINCY 4.0 SSE, IL US","  109",",,N","    0",",,N",,,,,,,,,,
"US1ILAD0005","2008-04-20","39.87667","-91.370833","182.0","QUINCY 4.0 SSE, IL US","    5",",,N","    0",",,N",,,,,,,,,,
"US1ILAD0005","2008-04-22","39.87667","-91.370833","182.0","QUINCY 4.0 SSE, IL US","    5",",,N","    0",",,N",,,,,,,,,,
"US1ILAD0005","2008-04-23","39.87667","-91.370833","182.0","QUINCY 4.0 SSE, IL US","  102",",,N","    0",",,N",,,,,,,,,,
"US1ILAD0005","2008-04-30","39.87667","-91.370833","182.0","QUINCY 4.0 SSE, IL US",,,,,,,"    7",",,N","  221",",,N",,,,
"US1ILAD0005","2008-05-01","39.87667","-91.370833","182.0","QUINCY 4.0 SSE, IL US","    0",",,N","    0",",,N",,,,,,,,,,
"US1ILAD0005","2008-05-02","39.87667","-91.370833","182.0","QUINCY 4.0 SSE, IL US","   23",",,N","    0",",,N",,,,,,,,,,
"US1ILAD0005","2008-05-03","39.87667","-91.370833","182.0","QUINCY 4.0 SSE, IL US","  135",",,N","    0",",,N",,,,,,,,,,
"US1ILAD0005","2008-05-04","39.87667","-91.370833","182.0","QUINCY 4.0 SSE, IL US","    0",",,N","    0",",,N",,,,,,,,,,
"US1ILAD0005","2008-05-05","39.87667","-91.370833","182.0","QUINCY 4.0 SSE, IL US","    0",",,N","    0",",,N",,,,,,,,,,
"US1ILAD0005","2008-05-06","39.87667","-91.370833","182.0","QUINCY 4.0 SSE, IL US","    0",",,N","    0",",,N",,,,,,,,,,
"US1ILAD0005","2008-05-07","39.87667","-91.370833","182.0","QUINCY 4.0 SSE, IL US","   18",",,N","    0",",,N",,,,,,,,,,
"US1ILAD0005","2008-05-08","39.87667","-91.370833","182.0","QUINCY 4.0 SSE, IL US","   71",",,N","    0",",,N",,,,,,,,,,
"US1ILAD0005","2008-05-09","39.87667","-91.370833","182.0","QUINCY 4.0 SSE, IL US","    0",",,N","    0",",,N",,,,,,,,,,
"US1ILAD0005","2008-05-10","39.87667","-91.370833","182.0","QUINCY 4.0 SSE, IL US","    5",",,N","    0",",,N",,,,,,,,,,
"US1ILAD0005","2008-05-11","39.87667","-91.370833","182.0","QUINCY 4.0 SSE, IL US","  257",",,N","    0",",,N",,,,,,,,,,
"US1ILAD0005","2008-05-12","39.87667","-91.370833","182.0","QUINCY 4.0 SSE, IL US","   10",",,N","    0",",,N",,,,,,,,,,
"US1ILAD0005","2008-05-13","39.87667","-91.370833","182.0","QUINCY 4.0 SSE, IL US","   20",",,N","    0",",,N",,,,,,,,,,
"US1ILAD0005","2008-05-14","39.87667","-91.370833","182.0","QUINCY 4.0 SSE, IL US","   71",",,N","    0",",,N",,,,,,,,,,
"US1ILAD0005","2008-05-15","39.87667","-91.370833","182.0","QUINCY 4.0 SSE, IL US","    0",",,N","    0",",,N",,,,,,,,,,
"US1ILAD0005","2008-05-16","39.87667","-91.370833","182.0","QUINCY 4.0 SSE, IL US","    0",",,N","    0",",,N",,,,,,,,,,
"US1ILAD0005","2008-05-17","39.87667","-91.370833","182.0","QUINCY 4.0 SSE, IL US","    0",",,N","    0",",,N",,,,,,,,,,
"US1ILAD0005","2008-05-18","39.87667","-91.370833","182.0","QUINCY 4.0 SSE, IL US","    0",",,N","    0",",,N",,,,,,,,,,
"US1ILAD0005","2008-05-19","39.87667","-91.370833","182.0","QUINCY 4.0 SSE, IL US","    0",",,N","    0",",,N",,,,,,,,,,
"US1ILAD0005","2008-05-28","39.87667","-91.370833","182.0","QUINCY 4.0 SSE, IL US",,,,,,,"    9",",,N","  193",",,N",,,,
"US1ILAD0005","2008-05-29","39.87667","-91.370833","182.0","QUINCY 4.0 SSE, IL US","    0",",,N","    0",",,N",,,,,,,,,,
"US1ILAD0005","2008-05-30","39.87667","-91.370833","182.0","QUINCY 4.0 SSE, IL US","    0",",,N","    0",",,N",,,,,,,,,,
"US1ILAD0005","2008-05-31","39.87667","-91.370833","182.0","QUINCY 4.0 SSE, IL US","  312",",,N","    0",",,N",,,,,,,,,,
"US1ILAD0005","2008-06-01","39.87667","-91.370833","182.0","QUINCY 4.0 SSE, IL US","    0",",,N","    0",",,N",,,,,,,,,,
"US1ILAD0005","2008-06-02","39.87667","-91.370833","182.0","QUINCY 4.0 SSE, IL US","    0",",,N","    0",",,N",,,,,,,,,,
"US1ILAD0005","2008-06-03","39.87667","-91.370833","182.0","QUINCY 4.0 SSE, IL US","  676",",,N","    0",",,N",,,,,,,,,,
"US1ILAD0005","2008-06-04","39.87667","-91.370833","182.0","QUINCY 4.0 SSE, IL US","  188",",,N","    0",",,N",,,,,,,,,,
"US1ILAD0005","2008-06-05","39.87667","-91.370833","182.0","QUINCY 4.0 SSE, IL US","    5",",,N","    0",",,N",,,,,,,,,,
"US1ILAD0005","2008-06-06","39.87667","-91.370833","182.0","QUINCY 4.0 SSE, IL US","   33",",,N","    0",",,N",,,,,,,,,,
"US1ILAD0005","2008-06-07","39.87667","-91.370833","182.0","QUINCY 4.0 SSE, IL US","   15",",,N","    0",",,N",,,,,,,,,,
"US1ILAD0005","2008-06-08","39.87667","-91.370833","182.0","QUINCY 4.0 SSE, IL US","    0",",,N","    0",",,N",,,,,,,,,,
"US1ILAD0005","2008-06-09","39.87667","-91.370833","182.0","QUINCY 4.0 SSE, IL US","  269",",,N","    0",",,N",,,,,,,,,,
"US1ILAD0005","2008-06-10","39.87667","-91.370833","182.0","QUINCY 4.0 SSE, IL US","   69",",,N","    0",",,N",,,,,,,,,,
"US1ILAD0005","2008-06-11","39.87667","-91.370833","182.0","QUINCY 4.0 SSE, IL US","    0",",,N","    0",",,N",,,,,,,,,,
"US1ILAD0005","2008-06-12","39.87667","-91.370833","182.0","QUINCY 4.0 SSE, IL US","    0",",,N","    0",",,N",,,,,,,,,,
"US1ILAD0005","2008-06-13","39.87667","-91.370833","182.0","QUINCY 4.0 SSE, IL US","  163",",,N","    0",",,N",,,,,,,,,,
"US1ILAD0005","2008-06-14","39.87667","-91.370833","182.0","QUINCY 4.0 SSE, IL US","   33",",,N","    0",",,N",,,,,,,,,,
"US1ILAD0005","2008-06-15","39.87667","-91.370833","182.0","QUINCY 4.0 SSE, IL US","    0",",,N","    0",",,N",,,,,,,,,,
"US1ILAD0005","2008-06-16","39.87667","-91.370833","182.0","QUINCY 4.0 SSE, IL US","    0",",,N","    0",",,N",,,,,,,,,,
"US1ILAD0005","2008-06-17","39.87667","-91.370833","182.0","QUINCY 4.0 SSE, IL US","    0",",,N","    0",",,N",,,,,,,,,,
"US1ILAD0005","2008-06-18","39.87667","-91.370833","182.0","QUINCY 4.0 SSE, IL US","    0",",,N","    0",",,N",,,,,,,,,,
"US1ILAD0005","2008-06-19","39.87667","-91.370833","182.0","QUINCY 4.0 SSE, IL US","    0",",,N","    0",",,N",,,,,,,,,,
"US1ILAD0005","2008-06-20","39.87667","-91.370833","182.0","QUINCY 4.0 SSE, IL US","   18",",,N","    0",",,N",,,,,,,,,,
"US1ILAD0005","2008-06-22","39.87667","-91.370833","182.0","QUINCY 4.0 SSE, IL US",,,,,,,"    2",",,N","   13",",,N",,,,
"US1ILAD0005","2008-06-23","39.87667","-91.370833","182.0","QUINCY 4.0 SSE, IL US","    0",",,N","    0",",,N",,,,,,,,,,
"US1ILAD0005","2008-06-24","39.87667","-91.370833","182.0","QUINCY 4.0 SSE, IL US","    0",",,N","    0",",,N",,,,,,,,,,
"US1ILAD0005","2008-06-25","39.87667","-91.370833","182.0","QUINCY 4.0 SSE, IL US","  386",",,N","    0",",,N",,,,,,,,,,
"US1ILAD0005","2008-06-26","39.87667","-91.370833","182.0","QUINCY 4.0 SSE, IL US","  323",",,N","    0",",,N",,,,,,,,,,
"US1ILAD0005","2008-06-27","39.87667","-91.370833","182.0","QUINCY 4.0 SSE, IL US","   86",",,N","    0",",,N",,,,,,,,,,
"US1ILAD0005","2008-06-28","39.87667","-91.370833","182.0","QUINCY 4.0 SSE, IL US","   69",",,N","    0",",,N",,,,,,,,,,
"US1ILAD0005","2008-06-30","39.87667","-91.370833","182.0","QUINCY 4.0 SSE, IL US","    0",",L,N","    0",",,N",,,"    2",",L,N","    5",",L,N",,,,
"US1ILAD0005","2008-07-01","39.87667","-91.370833","182.0","QUINCY 4.0 SSE, IL US","    0",",,N","    0",",,N",,,,,,,,,,
"US1ILAD0005","2008-07-02","39.87667","-91.370833","182.0","QUINCY 4.0 SSE, IL US","    0",",,N","    0",",,N",,,,,,,,,,
"US1ILAD0005","2008-07-03","39.87667","-91.370833","182.0","QUINCY 4.0 SSE, IL US","  124",",,N","    0",",,N",,,,,,,,,,
"US1ILAD0005","2008-07-04","39.87667","-91.370833","182.0","QUINCY 4.0 SSE, IL US","    8",",,N","    0",",,N",,,,,,,,,,
"US1ILAD0005","2008-07-05","39.87667","-91.370833","182.0","QUINCY 4.0 SSE, IL US","    0",",,N","    0",",,N",,,,,,,,,,
"US1ILAD0005","2008-07-06","39.87667","-91.370833","182.0","QUINCY 4.0 SSE, IL US","    0",",,N","    0",",,N",,,,,,,,,,
"US1ILAD0005","2008-07-07","39.87667","-91.370833","182.0","QUINCY 4.0 SSE, IL US","    0",",,N","    0",",,N",,,,,,,,,,
"US1ILAD0005","2008-07-08","39.87667","-91.370833","182.0","QUINCY 4.0 SSE, IL US","  183",",,N","    0",",,N",,,,,,,,,,
"US1ILAD0005","2008-07-09","39.87667","-91.370833","182.0","QUINCY 4.0 SSE, IL US","  625",",,N","    0",",,N",,,,,,,,,,
"US1ILAD0005","2008-07-10","39.87667","-91.370833","182.0","QUINCY 4.0 SSE, IL US","    0",",,N","    0",",,N",,,,,,,,,,
"US1ILAD0005","2008-07-11","39.87667","-91.370833","182.0","QUINCY 4.0 SSE, IL US","    0",",,N","    0",",,N",,,,,,,,,,
"US1ILAD0005","2008-07-12","39.87667","-91.370833","182.0","QUINCY 4.0 SSE, IL US","    0",",,N","    0",",,N",,,,,,,,,,
"US1ILAD0005","2008-07-13","39.87667","-91.370833","182.0","QUINCY 4.0 SSE, IL US","   25",",,N","    0",",,N",,,,,,,,,,
"US1ILAD0005","2008-07-14","39.87667","-91.370833","182.0","QUINCY 4.0 SSE, IL US","    0",",,N","    0",",,N",,,,,,,,,,
"US1ILAD0005","2008-07-15","39.87667","-91.370833","182.0","QUINCY 4.0 SSE, IL US","    0",",,N","    0",",,N",,,,,,,,,,
"US1ILAD0005","2008-07-16","39.87667","-91.370833","182.0","QUINCY 4.0 SSE, IL US","    0",",,N","    0",",,N",,,,,,,,,,
"US1ILAD0005","2008-07-17","39.87667","-91.370833","182.0","QUINCY 4.0 SSE, IL US","    0",",,N","    0",",,N",,,,,,,,,,
"US1ILAD0005","2008-07-18","39.87667","-91.370833","182.0","QUINCY 4.0 SSE, IL US","    0",",,N","    0",",,N",,,,,,,,,,
"US1ILAD0005","2008-07-19","39.87667","-91.370833","182.0","QUINCY 4.0 SSE, IL US","  178",",,N","    0",",,N",,,,,,,,,,
"US1ILAD0005","2008-07-20","39.87667","-91.370833","182.0","QUINCY 4.0 SSE, IL US","    0",",,N","    0",",,N",,,,,,,,,,
"US1ILAD0005","2008-07-21","39.87667","-91.370833","182.0","QUINCY 4.0 SSE, IL US","    0",",,N","    0",",,N",,,,,,,,,,
"US1ILAD0005","2008-07-22","39.87667","-91.370833","182.0","QUINCY 4.0 SSE, IL US","  295",",,N","    0",",,N",,,,,,,,,,
"US1ILAD0005","2008-07-24","39.87667","-91.370833","182.0","QUINCY 4.0 SSE, IL US","    8",",,N","    0",",,N",,,,,,,,,,
"US1ILAD0005","2008-07-25","39.87667","-91.370833","182.0","QUINCY 4.0 SSE, IL US","  358",",,N","    0",",,N",,,,,,,,,,
"US1ILAD0005","2008-07-26","39.87667","-91.370833","182.0","QUINCY 4.0 SSE, IL US","   23",",,N","    0",",,N",,,,,,,,,,
"US1ILAD0005","2008-07-27","39.87667","-91.370833","182.0","QUINCY 4.0 SSE, IL US","    0",",,N","    0",",,N",,,,,,,,,,
"US1ILAD0005","2008-07-28","39.87667","-91.370833","182.0","QUINCY 4.0 SSE, IL US","  389",",,N","    0",",,N",,,,,,,,,,
"US1ILAD0005","2008-07-29","39.87667","-91.370833","182.0","QUINCY 4.0 SSE, IL US","    0",",,N","    0",",,N",,,,,,,,,,
"US1ILAD0005","2008-07-30","39.87667","-91.370833","182.0","QUINCY 4.0 SSE, IL US","  221",",,N","    0",",,N",,,,,,,,,,
"US1ILAD0005","2008-07-31","39.87667","-91.370833","182.0","QUINCY 4.0 SSE, IL US","    0",",,N","    0",",,N",,,,,,,,,,
"US1ILAD0005","2008-08-01","39.87667","-91.370833","182.0","QUINCY 4.0 SSE, IL US","    0",",,N","    0",",,N",,,,,,,,,,
"US1ILAD0005","2008-08-02","39.87667","-91.370833","182.0","QUINCY 4.0 SSE, IL US","    0",",,N","    0",",,N",,,,,,,,,,
"US1ILAD0005","2008-08-03","39.87667","-91.370833","182.0","QUINCY 4.0 SSE, IL US","    0",",,N","    0",",,N",,,,,,,,,,
"US1ILAD0005","2008-08-04","39.87667","-91.370833","182.0","QUINCY 4.0 SSE, IL US","    0",",,N","    0",",,N",,,,,,,,,,
"US1ILAD0005","2008-08-05","39.87667","-91.370833","182.0","QUINCY 4.0 SSE, IL US","   10",",,N","    0",",,N",,,,,,,,,,
"US1ILAD0005","2008-08-06","39.87667","-91.370833","182.0","QUINCY 4.0 SSE, IL US","  526",",,N","    0",",,N",,,,,,,,,,
"US1ILAD0005","2008-08-07","39.87667","-91.370833","182.0","QUINCY 4.0 SSE, IL US","    0",",,N","    0",",,N",,,,,,,,,,
"US1ILAD0005","2008-08-08","39.87667","-91.370833","182.0","QUINCY 4.0 SSE, IL US","    0",",,N","    0",",,N",,,,,,,,,,
"US1ILAD0005","2008-08-09","39.87667","-91.370833","182.0","QUINCY 4.0 SSE, IL US","    0",",,N","    0",",,N",,,,,,,,,,
"US1ILAD0005","2008-08-10","39.87667","-91.370833","182.0","QUINCY 4.0 SSE, IL US","    0",",,N","    0",",,N",,,,,,,,,,
"US1ILAD0005","2008-08-11","39.87667","-91.370833","182.0","QUINCY 4.0 SSE, IL US","    0",",,N","    0",",,N",,,,,,,,,,
"US1ILAD0005","2008-08-12","39.87667","-91.370833","182.0","QUINCY 4.0 SSE, IL US","    0",",,N","    0",",,N",,,,,,,,,,
"US1ILAD0005","2008-08-13","39.87667","-91.370833","182.0","QUINCY 4.0 SSE, IL US","    0",",,N","    0",",,N",,,,,,,,,,
"US1ILAD0005","2008-08-14","39.87667","-91.370833","182.0","QUINCY 4.0 SSE, IL US","    0",",,N","    0",",,N",,,,,,,,,,
"US1ILAD0005","2008-08-15","39.87667","-91.370833","182.0","QUINCY 4.0 SSE, IL US","    0",",,N","    0",",,N",,,,,,,,,,
"US1ILAD0005","2008-08-16","39.87667","-91.370833","182.0","QUINCY 4.0 SSE, IL US","    0",",,N","    0",",,N",,,,,,,,,,
"US1ILAD0005","2008-08-17","39.87667","-91.370833","182.0","QUINCY 4.0 SSE, IL US","    0",",,N","    0",",,N",,,,,,,,,,
"US1ILAD0005","2008-08-18","39.87667","-91.370833","182.0","QUINCY 4.0 SSE, IL US","    0",",,N","    0",",,N",,,,,,,,,,
"US1ILAD0005","2008-08-19","39.87667","-91.370833","182.0","QUINCY 4.0 SSE, IL US","    0",",,N","    0",",,N",,,,,,,,,,
"US1ILAD0005","2008-08-20","39.87667","-91.370833","182.0","QUINCY 4.0 SSE, IL US","    0",",,N","    0",",,N",,,,,,,,,,
"US1ILAD0005","2008-08-21","39.87667","-91.370833","182.0","QUINCY 4.0 SSE, IL US","  145",",,N","    0",",,N",,,,,,,,,,
"US1ILAD0005","2008-08-25","39.87667","-91.370833","182.0","QUINCY 4.0 SSE, IL US",,,,,,,"    3",",,N","  119",",,N",,,,
"US1ILAD0005","2008-08-26","39.87667","-91.370833","182.0","QUINCY 4.0 SSE, IL US","    0",",,N","    0",",,N",,,,,,,,,,
"US1ILAD0005","2008-08-27","39.87667","-91.370833","182.0","QUINCY 4.0 SSE, IL US","    0",",,N","    0",",,N",,,,,,,,,,
"US1ILAD0005","2008-08-28","39.87667","-91.370833","182.0","QUINCY 4.0 SSE, IL US","    0",",,N","    0",",,N",,,,,,,,,,
"US1ILAD0005","2008-08-29","39.87667","-91.370833","182.0","QUINCY 4.0 SSE, IL US","   64",",,N","    0",",,N",,,,,,,,,,
"US1ILAD0005","2008-08-30","39.87667","-91.370833","182.0","QUINCY 4.0 SSE, IL US","    0",",,N","    0",",,N",,,,,,,,,,
"US1ILAD0005","2008-08-31","39.87667","-91.370833","182.0","QUINCY 4.0 SSE, IL US","    0",",,N","    0",",,N",,,,,,,,,,
"US1ILAD0005","2008-09-01","39.87667","-91.370833","182.0","QUINCY 4.0 SSE, IL US","    0",",,N","    0",",,N",,,,,,,,,,
"US1ILAD0005","2008-09-02","39.87667","-91.370833","182.0","QUINCY 4.0 SSE, IL US","    0",",,N","    0",",,N",,,,,,,,,,
"US1ILAD0005","2008-09-03","39.87667","-91.370833","182.0","QUINCY 4.0 SSE, IL US","   53",",,N","    0",",,N",,,,,,,,,,
"US1ILAD0005","2008-09-04","39.87667","-91.370833","182.0","QUINCY 4.0 SSE, IL US","  363",",,N","    0",",,N",,,,,,,,,,
"US1ILAD0005","2008-09-05","39.87667","-91.370833","182.0","QUINCY 4.0 SSE, IL US","  290",",,N","    0",",,N",,,,,,,,,,
"US1ILAD0005","2008-09-07","39.87667","-91.370833","182.0","QUINCY 4.0 SSE, IL US",,,,,,,"    2",",,N","   61",",,N",,,,
"US1ILAD0005","2008-09-08","39.87667","-91.370833","182.0","QUINCY 4.0 SSE, IL US","   53",",,N","    0",",,N",,,,,,,,,,
"US1ILAD0005","2008-09-16","39.87667","-91.370833","182.0","QUINCY 4.0 SSE, IL US",,,,,,,"    8",",,N"," 1275",",,N",,,,
"US1ILAD0005","2008-09-17","39.87667","-91.370833","182.0","QUINCY 4.0 SSE, IL US","    0",",,N","    0",",,N",,,,,,,,,,
"US1ILAD0005","2008-09-18","39.87667","-91.370833","182.0","QUINCY 4.0 SSE, IL US","    0",",,N","    0",",,N",,,,,,,,,,
"US1ILAD0005","2008-09-19","39.87667","-91.370833","182.0","QUINCY 4.0 SSE, IL US","    0",",,N","    0",",,N",,,,,,,,,,
"US1ILAD0005","2008-10-01","39.87667","-91.370833","182.0","QUINCY 4.0 SSE, IL US",,,,,,,"   12",",,N","  168",",,N",,,,
"US1ILAD0005","2008-10-02","39.87667","-91.370833","182.0","QUINCY 4.0 SSE, IL US","    0",",,N","    0",",,N",,,,,,,,,,
"US1ILAD0005","2008-10-03","39.87667","-91.370833","182.0","QUINCY 4.0 SSE, IL US","    0",",,N","    0",",,N",,,,,,,,,,
"US1ILAD0005","2008-10-04","39.87667","-91.370833","182.0","QUINCY 4.0 SSE, IL US","    0",",,N","    0",",,N",,,,,,,,,,
"US1ILAD0005","2008-10-05","39.87667","-91.370833","182.0","QUINCY 4.0 SSE, IL US","    0",",,N","    0",",,N",,,,,,,,,,
"US1ILAD0005","2008-10-06","39.87667","-91.370833","182.0","QUINCY 4.0 SSE, IL US","    0",",,N","    0",",,N",,,,,,,,,,
"US1ILAD0005","2008-10-07","39.87667","-91.370833","182.0","QUINCY 4.0 SSE, IL US","   28",",,N","    0",",,N",,,,,,,,,,
"US1ILAD0005","2008-10-08","39.87667","-91.370833","182.0","QUINCY 4.0 SSE, IL US","  132",",,N","    0",",,N",,,,,,,,,,
"US1ILAD0005","2008-10-09","39.87667","-91.370833","182.0","QUINCY 4.0 SSE, IL US","    0",",,N","    0",",,N",,,,,,,,,,
"US1ILAD0005","2008-10-10","39.87667","-91.370833","182.0","QUINCY 4.0 SSE, IL US","    0",",,N","    0",",,N",,,,,,,,,,
"US1ILAD0005","2008-10-11","39.87667","-91.370833","182.0","QUINCY 4.0 SSE, IL US","    0",",,N","    0",",,N",,,,,,,,,,
"US1ILAD0005","2008-10-12","39.87667","-91.370833","182.0","QUINCY 4.0 SSE, IL US","    0",",,N","    0",",,N",,,,,,,,,,
"US1ILAD0005","2008-10-13","39.87667","-91.370833","182.0","QUINCY 4.0 SSE, IL US","    0",",,N","    0",",,N",,,,,,,,,,
"US1ILAD0005","2008-10-14","39.87667","-91.370833","182.0","QUINCY 4.0 SSE, IL US","   10",",,N","    0",",,N",,,,,,,,,,
"US1ILAD0005","2008-10-15","39.87667","-91.370833","182.0","QUINCY 4.0 SSE, IL US","   43",",,N","    0",",,N",,,,,,,,,,
"US1ILAD0005","2008-10-16","39.87667","-91.370833","182.0","QUINCY 4.0 SSE, IL US","  338",",,N","    0",",,N",,,,,,,,,,
"US1ILAD0005","2008-10-17","39.87667","-91.370833","182.0","QUINCY 4.0 SSE, IL US","    0",",,N","    0",",,N",,,,,,,,,,
"US1ILAD0005","2008-10-18","39.87667","-91.370833","182.0","QUINCY 4.0 SSE, IL US","   13",",,N","    0",",,N",,,,,,,,,,
"US1ILAD0005","2008-10-19","39.87667","-91.370833","182.0","QUINCY 4.0 SSE, IL US","    0",",,N","    0",",,N",,,,,,,,,,
"US1ILAD0005","2008-10-20","39.87667","-91.370833","182.0","QUINCY 4.0 SSE, IL US","    0",",,N","    0",",,N",,,,,,,,,,
"US1ILAD0005","2008-10-21","39.87667","-91.370833","182.0","QUINCY 4.0 SSE, IL US","    0",",,N","    0",",,N",,,,,,,,,,
"US1ILAD0005","2008-10-22","39.87667","-91.370833","182.0","QUINCY 4.0 SSE, IL US","   51",",,N","    0",",,N",,,,,,,,,,
"US1ILAD0005","2008-10-23","39.87667","-91.370833","182.0","QUINCY 4.0 SSE, IL US","    8",",,N","    0",",,N",,,,,,,,,,
"US1ILAD0005","2008-10-24","39.87667","-91.370833","182.0","QUINCY 4.0 SSE, IL US","  107",",,N","    0",",,N",,,,,,,,,,
"US1ILAD0005","2008-10-25","39.87667","-91.370833","182.0","QUINCY 4.0 SSE, IL US","  109",",,N","    0",",,N",,,,,,,,,,
"US1ILAD0005","2008-10-26","39.87667","-91.370833","182.0","QUINCY 4.0 SSE, IL US","    0",",,N","    0",",,N",,,,,,,,,,
"US1ILAD0005","2008-10-27","39.87667","-91.370833","182.0","QUINCY 4.0 SSE, IL US","    0",",,N","    0",",,N",,,,,,,,,,
"US1ILAD0005","2008-10-28","39.87667","-91.370833","182.0","QUINCY 4.0 SSE, IL US","    0",",,N","    0",",,N",,,,,,,,,,
"US1ILAD0005","2008-10-29","39.87667","-91.370833","182.0","QUINCY 4.0 SSE, IL US","    0",",,N","    0",",,N",,,,,,,,,,
"US1ILAD0005","2008-10-30","39.87667","-91.370833","182.0","QUINCY 4.0 SSE, IL US","    0",",,N","    0",",,N",,,,,,,,,,
"US1ILAD0005","2008-10-31","39.87667","-91.370833","182.0","QUINCY 4.0 SSE, IL US","    0",",,N","    0",",,N",,,,,,,,,,
"US1ILAD0005","2008-11-01","39.87667","-91.370833","182.0","QUINCY 4.0 SSE, IL US","    0",",,N","    0",",,N",,,,,,,,,,
"US1ILAD0005","2008-11-02","39.87667","-91.370833","182.0","QUINCY 4.0 SSE, IL US","    0",",,N","    0",",,N",,,,,,,,,,
"US1ILAD0005","2008-11-03","39.87667","-91.370833","182.0","QUINCY 4.0 SSE, IL US","    0",",,N","    0",",,N",,,,,,,,,,
"US1ILAD0005","2008-11-04","39.87667","-91.370833","182.0","QUINCY 4.0 SSE, IL US","    0",",,N","    0",",,N",,,,,,,,,,
"US1ILAD0005","2008-11-05","39.87667","-91.370833","182.0","QUINCY 4.0 SSE, IL US","    0",",,N","    0",",,N",,,,,,,,,,
"US1ILAD0005","2008-11-06","39.87667","-91.370833","182.0","QUINCY 4.0 SSE, IL US","   33",",,N","    0",",,N",,,,,,,,,,
"US1ILAD0005","2008-11-07","39.87667","-91.370833","182.0","QUINCY 4.0 SSE, IL US","    8",",,N","    0",",,N",,,,,,,,,,
"US1ILAD0005","2008-11-08","39.87667","-91.370833","182.0","QUINCY 4.0 SSE, IL US","    0",",,N","    0",",,N",,,,,,,,,,
"US1ILAD0005","2008-11-10","39.87667","-91.370833","182.0","QUINCY 4.0 SSE, IL US",,,,,,,"    2",",,N","    0",",,N",,,,
"US1ILAD0005","2008-11-11","39.87667","-91.370833","182.0","QUINCY 4.0 SSE, IL US","   41",",,N","    0",",,N",,,,,,,,,,
"US1ILAD0005","2008-11-12","39.87667","-91.370833","182.0","QUINCY 4.0 SSE, IL US","   33",",,N","    0",",,N",,,,,,,,,,
"US1ILAD0005","2008-11-13","39.87667","-91.370833","182.0","QUINCY 4.0 SSE, IL US","    0",",,N","    0",",,N",,,,,,,,,,
"US1ILAD0005","2008-11-14","39.87667","-91.370833","182.0","QUINCY 4.0 SSE, IL US","    8",",,N","    0",",,N",,,,,,,,,,
"US1ILAD0005","2008-11-15","39.87667","-91.370833","182.0","QUINCY 4.0 SSE, IL US","   10",",,N","    0",",,N",,,,,,,,,,
"US1ILAD0005","2008-11-16","39.87667","-91.370833","182.0","QUINCY 4.0 SSE, IL US","    0","T,,N","    0",",,N",,,,,,,,,,
"US1ILAD0005","2008-11-17","39.87667","-91.370833","182.0","QUINCY 4.0 SSE, IL US","    0",",,N","    0",",,N",,,,,,,,,,
"US1ILAD0005","2008-11-18","39.87667","-91.370833","182.0","QUINCY 4.0 SSE, IL US","    0",",,N","    0",",,N",,,,,,,,,,
"US1ILAD0005","2008-11-19","39.87667","-91.370833","182.0","QUINCY 4.0 SSE, IL US","    0",",,N","    0",",,N",,,,,,,,,,
"US1ILAD0005","2008-11-20","39.87667","-91.370833","182.0","QUINCY 4.0 SSE, IL US","    0",",,N","    0",",,N",,,,,,,,,,
"US1ILAD0005","2008-11-21","39.87667","-91.370833","182.0","QUINCY 4.0 SSE, IL US","    0",",,N","    0",",,N",,,,,,,,,,
"US1ILAD0005","2008-11-22","39.87667","-91.370833","182.0","QUINCY 4.0 SSE, IL US","    0",",,N","    0",",,N",,,,,,,,,,
"US1ILAD0005","2008-11-23","39.87667","-91.370833","182.0","QUINCY 4.0 SSE, IL US","    0",",,N","    0",",,N",,,,,,,,,,
"US1ILAD0005","2008-11-24","39.87667","-91.370833","182.0","QUINCY 4.0 SSE, IL US","    3",",,N","    0",",,N",,,,,,,,,,
"US1ILAD0005","2008-12-02","39.87667","-91.370833","182.0","QUINCY 4.0 SSE, IL US",,,,,"   13",",,N","    8",",,N","    0",",,N","  145",",,N",,
"US1ILAD0005","2008-12-03","39.87667","-91.370833","182.0","QUINCY 4.0 SSE, IL US","    0",",,N","    0",",,N",,,,,,,,,,
"US1ILAD0005","2008-12-04","39.87667","-91.370833","182.0","QUINCY 4.0 SSE, IL US","   13",",,N","   15",",,N",,,,,,,,,"   13",",,N"
"US1ILAD0005","2008-12-05","39.87667","-91.370833","182.0","QUINCY 4.0 SSE, IL US","    0",",,N","    0",",,N",,,,,,,,,,
"US1ILAD0005","2008-12-06","39.87667","-91.370833","182.0","QUINCY 4.0 SSE, IL US","    0",",,N","    0",",,N",,,,,,,,,,
"US1ILAD0005","2008-12-07","39.87667","-91.370833","182.0","QUINCY 4.0 SSE, IL US","    0",",,N","    0",",,N",,,,,,,,,,
"US1ILAD0005","2008-12-08","39.87667","-91.370833","182.0","QUINCY 4.0 SSE, IL US","    0",",,N","    0",",,N",,,,,,,,,,
"US1ILAD0005","2008-12-09","39.87667","-91.370833","182.0","QUINCY 4.0 SSE, IL US","  168",",,N","    0",",,N",,,,,,,,,,
"US1ILAD0005","2008-12-10","39.87667","-91.370833","182.0","QUINCY 4.0 SSE, IL US","    8",",,N","    3",",,N",,,,,,,,,,
"US1ILAD0005","2008-12-11","39.87667","-91.370833","182.0","QUINCY 4.0 SSE, IL US","    0",",,N","    0",",,N",,,,,,,,,,
"US1ILAD0005","2008-12-12","39.87667","-91.370833","182.0","QUINCY 4.0 SSE, IL US","    0",",,N","    0",",,N",,,,,,,,,,
"US1ILAD0005","2008-12-13","39.87667","-91.370833","182.0","QUINCY 4.0 SSE, IL US","    0",",,N","    0",",,N",,,,,,,,,,
"US1ILAD0005","2008-12-14","39.87667","-91.370833","182.0","QUINCY 4.0 SSE, IL US","    0",",,N","    0",",,N",,,,,,,,,,
"US1ILAD0005","2008-12-15","39.87667","-91.370833","182.0","QUINCY 4.0 SSE, IL US","  104",",,N","   10",",,N",,,,,,,,,"  104",",,N"
"US1ILAD0005","2008-12-16","39.87667","-91.370833","182.0","QUINCY 4.0 SSE, IL US","    0",",,N","    0",",,N",,,,,,,,,,
"US1ILAD0005","2008-12-17","39.87667","-91.370833","182.0","QUINCY 4.0 SSE, IL US","   79",",,N","   66",",,N",,,,,,,,,"   79",",,N"
"US1ILAD0005","2008-12-18","39.87667","-91.370833","182.0","QUINCY 4.0 SSE, IL US","    0",",,N","    0",",,N",,,,,,,,,,
"US1ILAD0005","2008-12-19","39.87667","-91.370833","182.0","QUINCY 4.0 SSE, IL US","  173",",,N",,,,,,,,,,,,
"US1ILAD0005","2008-12-20","39.87667","-91.370833","182.0","QUINCY 4.0 SSE, IL US","    0",",,N","    0",",,N",,,,,,,,,,
"US1ILAD0005","2008-12-21","39.87667","-91.370833","182.0","QUINCY 4.0 SSE, IL US","    0",",,N","    0",",,N",,,,,,,,,,
"US1ILAD0005","2008-12-22","39.87667","-91.370833","182.0","QUINCY 4.0 SSE, IL US","    0",",,N","    0",",,N",,,,,,,,,,
"US1ILAD0005","2008-12-23","39.87667","-91.370833","182.0","QUINCY 4.0 SSE, IL US","    3",",,N","    3",",,N",,,,,,,,,"    3",",,N"
"US1ILAD0005","2008-12-24","39.87667","-91.370833","182.0","QUINCY 4.0 SSE, IL US","   25",",,N",,,,,,,,,,,,
"US1ILAD0005","2008-12-26","39.87667","-91.370833","182.0","QUINCY 4.0 SSE, IL US",,,,,"   57",",,N","    2",",,N","    3",",,N",,,,
"US1ILAD0005","2008-12-27","39.87667","-91.370833","182.0","QUINCY 4.0 SSE, IL US","  155",",,N",,,,,,,,,,,,
"US1ILAD0005","2008-12-29","39.87667","-91.370833","182.0","QUINCY 4.0 SSE, IL US",,,,,,,"    2",",,N","  244",",,N",,,,
"US1ILAD0005","2008-12-30","39.87667","-91.370833","182.0","QUINCY 4.0 SSE, IL US","    0",",,N","    0",",,N",,,,,,,,,,
"US1ILAD0005","2008-12-31","39.87667","-91.370833","182.0","QUINCY 4.0 SSE, IL US","    0",",,N","    0",",,N",,,,,,,,,,
"US1ILAD0005","2009-01-01","39.87667","-91.370833","182.0","QUINCY 4.0 SSE, IL US","    0",",,N","    0",",,N",,,,,,,,,,
"US1ILAD0005","2009-01-02","39.87667","-91.370833","182.0","QUINCY 4.0 SSE, IL US","    0",",,N","    0",",,N",,,,,,,,,,
"US1ILAD0005","2009-01-03","39.87667","-91.370833","182.0","QUINCY 4.0 SSE, IL US","    0",",,N","    0",",,N",,,,,,,,,,
"US1ILAD0005","2009-01-04","39.87667","-91.370833","182.0","QUINCY 4.0 SSE, IL US","    0","T,,N",,,,,,,,,,,,
"US1ILAD0005","2009-01-05","39.87667","-91.370833","182.0","QUINCY 4.0 SSE, IL US","    0",",,N","    0",",,N",,,,,,,,,,
"US1ILAD0005","2009-01-06","39.87667","-91.370833","182.0","QUINCY 4.0 SSE, IL US","    0",",,N","    0",",,N",,,,,,,,,,
"US1ILAD0005","2009-01-07","39.87667","-91.370833","182.0","QUINCY 4.0 SSE, IL US","    0",",,N","    0",",,N",,,,,,,,,,
"US1ILAD0005","2009-01-08","39.87667","-91.370833","182.0","QUINCY 4.0 SSE, IL US","    0","T,,N","    0","T,,N",,,,,,,,,"    0",",,N"
"US1ILAD0005","2009-01-09","39.87667","-91.370833","182.0","QUINCY 4.0 SSE, IL US","    0",",,N","    0",",,N",,,,,,,,,,
"US1ILAD0005","2009-01-10","39.87667","-91.370833","182.0","QUINCY 4.0 SSE, IL US","    0",",,N","    0",",,N",,,,,,,,,,
"US1ILAD0005","2009-01-12","39.87667","-91.370833","182.0","QUINCY 4.0 SSE, IL US",,,,,,,"    2",",,N","    0",",,N",,,,
"US1ILAD0005","2009-01-13","39.87667","-91.370833","182.0","QUINCY 4.0 SSE, IL US","    8",",,N",,,,,,,,,,,,
"US1ILAD0005","2009-01-14","39.87667","-91.370833","182.0","QUINCY 4.0 SSE, IL US","    3",",,N","    5",",,N","    5",",,N",,,,,"    3",",,N","    3",",,N"
"US1ILAD0005","2009-01-15","39.87667","-91.370833","182.0","QUINCY 4.0 SSE, IL US","    0",",,N","    0",",,N",,,,,,,,,,
"US1ILAD0005","2009-01-16","39.87667","-91.370833","182.0","QUINCY 4.0 SSE, IL US","    0",",,N","    0",",,N",,,,,,,,,,
"US1ILAD0005","2009-01-17","39.87667","-91.370833","182.0","QUINCY 4.0 SSE, IL US","    0",",,N","    0",",,N",,,,,,,,,,
"US1ILAD0005","2009-01-18","39.87667","-91.370833","182.0","QUINCY 4.0 SSE, IL US","    0",",,N","    0",",,N",,,,,,,,,,
"US1ILAD0005","2009-01-19","39.87667","-91.370833","182.0","QUINCY 4.0 SSE, IL US","    3",",,N","    5",",,N","    5",",,N",,,,,"    3",",,N","    3",",,N"
"US1ILAD0005","2009-01-20","39.87667","-91.370833","182.0","QUINCY 4.0 SSE, IL US","    0","T,,N","    0",",,N",,,,,,,,,"    0",",,N"
"US1ILAD0005","2009-01-21","39.87667","-91.370833","182.0","QUINCY 4.0 SSE, IL US","    0",",,N","    0",",,N",,,,,,,,,,
"US1ILAD0005","2009-01-22","39.87667","-91.370833","182.0","QUINCY 4.0 SSE, IL US","    0",",,N","    0",",,N",,,,,,,,,,
"US1ILAD0005","2009-01-23","39.87667","-91.370833","182.0","QUINCY 4.0 SSE, IL US","    0",",,N","    0",",,N",,,,,,,,,,
"US1ILAD0005","2009-01-24","39.87667","-91.370833","182.0","QUINCY 4.0 SSE, IL US","    0",",,N","    0",",,N",,,,,,,,,,
"US1ILAD0005","2009-01-26","39.87667","-91.370833","182.0","QUINCY 4.0 SSE, IL US","    3",",,N","    8",",,N","   89",",,N",,,,,,,"    3",",,N"
"US1ILAD0005","2009-01-27","39.87667","-91.370833","182.0","QUINCY 4.0 SSE, IL US","    0",",,N","    0",",,N",,,,,,,,,,
"US1ILAD0005","2009-01-28","39.87667","-91.370833","182.0","QUINCY 4.0 SSE, IL US","   18",",,N","   18",",,N","   89",",,N",,,,,,,"   18",",,N"
"US1ILAD0005","2009-01-29","39.87667","-91.370833","182.0","QUINCY 4.0 SSE, IL US","    0",",,N","    0",",,N",,,,,,,,,,
"US1ILAD0005","2009-01-30","39.87667","-91.370833","182.0","QUINCY 4.0 SSE, IL US","    0","T,,N","    0","T,,N",,,,,,,,,,
"US1ILAD0005","2009-02-02","39.87667","-91.370833","182.0","QUINCY 4.0 SSE, IL US",,,,,"    0",",,N","    3",",,N","    0",",,N","    0",",,N",,
"US1ILAD0005","2009-02-03","39.87667","-91.370833","182.0","QUINCY 4.0 SSE, IL US","    0",",,N","    0",",,N",,,,,,,,,,
"US1ILAD0005","2009-02-04","39.87667","-91.370833","182.0","QUINCY 4.0 SSE, IL US","    0",",,N","    0",",,N",,,,,,,,,,
"US1ILAD0005","2009-02-06","39.87667","-91.370833","182.0","QUINCY 4.0 SSE, IL US",,,,,"    0",",,N","    2",",,N","    0",",,N","    0",",,N",,
"US1ILAD0005","2009-02-07","39.87667","-91.370833","182.0","QUINCY 4.0 SSE, IL US","    0",",,N","    0",",,N",,,,,,,,,,
"US1ILAD0005","2009-02-08","39.87667","-91.370833","182.0","QUINCY 4.0 SSE, IL US","    0",",,N","    0",",,N",,,,,,,,,,
"US1ILAD0005","2009-02-09","39.87667","-91.370833","182.0","QUINCY 4.0 SSE, IL US","    0",",,N","    0",",,N",,,,,,,,,,
"US1ILAD0005","2009-02-10","39.87667","-91.370833","182.0","QUINCY 4.0 SSE, IL US","   13",",,N",,,,,,,,,,,,
"US1ILAD0005","2009-02-11","39.87667","-91.370833","182.0","QUINCY 4.0 SSE, IL US","  137",",,N",,,,,,,,,,,,
"US1ILAD0005","2009-02-12","39.87667","-91.370833","182.0","QUINCY 4.0 SSE, IL US","  185",",,N",,,,,,,,,,,,
"US1ILAD0005","2009-02-13","39.87667","-91.370833","182.0","QUINCY 4.0 SSE, IL US","    0",",,N","    0",",,N",,,,,,,,,,
"US1ILAD0005","2009-02-14","39.87667","-91.370833","182.0","QUINCY 4.0 SSE, IL US","   18",",,N","   13",",,N",,,,,,,,,"   18",",,N"
"US1ILAD0005","2009-02-15","39.87667","-91.370833","182.0","QUINCY 4.0 SSE, IL US","    0",",,N","    0",",,N",,,,,,,,,,
"US1ILAD0005","2009-02-16","39.87667","-91.370833","182.0","QUINCY 4.0 SSE, IL US","    0",",,N","    0",",,N",,,,,,,,,,
"US1ILAD0005","2009-02-17","39.87667","-91.370833","182.0","QUINCY 4.0 SSE, IL US","    0",",,N","    0",",,N",,,,,,,,,,
"US1ILAD0005","2009-02-18","39.87667","-91.370833","182.0","QUINCY 4.0 SSE, IL US","    0","T,,N",,,,,,,,,,,,
"US1ILAD0005","2009-02-19","39.87667","-91.370833","182.0","QUINCY 4.0 SSE, IL US","    0",",,N","    0",",,N",,,,,,,,,,
"US1ILAD0005","2009-02-20","39.87667","-91.370833","182.0","QUINCY 4.0 SSE, IL US","    0",",,N","    0",",,N",,,,,,,,,,
"US1ILAD0005","2009-02-21","39.87667","-91.370833","182.0","QUINCY 4.0 SSE, IL US","    0","T,,N","    0","T,,N",,,,,,,,,"    0","T,,N"
"US1ILAD0005","2009-02-22","39.87667","-91.370833","182.0","QUINCY 4.0 SSE, IL US","    0",",,N","    0",",,N",,,,,,,,,,
"US1ILAD0005","2009-02-23","39.87667","-91.370833","182.0","QUINCY 4.0 SSE, IL US","    0",",,N","    0",",,N",,,,,,,,,,
"US1ILAD0005","2009-02-24","39.87667","-91.370833","182.0","QUINCY 4.0 SSE, IL US","    0",",,N","    0",",,N",,,,,,,,,,
"US1ILAD0005","2009-02-25","39.87667","-91.370833","182.0","QUINCY 4.0 SSE, IL US","    0",",,N","    0",",,N",,,,,,,,,,
"US1ILAD0005","2009-03-05","39.87667","-91.370833","182.0","QUINCY 4.0 SSE, IL US",,,,,,,"    8",",,N","   66",",,N",,,,
"US1ILAD0005","2009-03-06","39.87667","-91.370833","182.0","QUINCY 4.0 SSE, IL US","    0",",,N","    0",",,N",,,,,,,,,,
"US1ILAD0005","2009-03-07","39.87667","-91.370833","182.0","QUINCY 4.0 SSE, IL US","    0",",,N","    0",",,N",,,,,,,,,,
"US1ILAD0005","2009-03-08","39.87667","-91.370833","182.0","QUINCY 4.0 SSE, IL US","    5",",,N",,,,,,,,,,,,
"US1ILAD0005","2009-03-09","39.87667","-91.370833","182.0","QUINCY 4.0 SSE, IL US","    5",",,N",,,,,,,,,,,,
"US1ILAD0005","2009-03-10","39.87667","-91.370833","182.0","QUINCY 4.0 SSE, IL US","  500",",,N",,,,,,,,,,,,
"US1ILAD0005","2009-03-11","39.87667","-91.370833","182.0","QUINCY 4.0 SSE, IL US","   10",",,N",,,,,,,,,,,,
"US1ILAD0005","2009-03-12","39.87667","-91.370833","182.0","QUINCY 4.0 SSE, IL US","    0",",,N","    0",",,N",,,,,,,,,,
"US1ILAD0005","2009-03-13","39.87667","-91.370833","182.0","QUINCY 4.0 SSE, IL US","    0",",,N","    0",",,N",,,,,,,,,,
"US1ILAD0005","2009-03-15","39.87667","-91.370833","182.0","QUINCY 4.0 SSE, IL US","    0",",,N","    0",",,N",,,,,,,,,,
"US1ILAD0005","2009-03-16","39.87667","-91.370833","182.0","QUINCY 4.0 SSE, IL US","    0",",,N","    0",",,N",,,,,,,,,,
"US1ILAD0005","2009-03-17","39.87667","-91.370833","182.0","QUINCY 4.0 SSE, IL US","    0",",,N","    0",",,N",,,,,,,,,,
"US1ILAD0005","2009-03-18","39.87667","-91.370833","182.0","QUINCY 4.0 SSE, IL US","    0",",,N","    0",",,N",,,,,,,,,,
"US1ILAD0005","2009-03-19","39.87667","-91.370833","182.0","QUINCY 4.0 SSE, IL US","    0",",,N","    0",",,N",,,,,,,,,,
"US1ILAD0005","2009-03-20","39.87667","-91.370833","182.0","QUINCY 4.0 SSE, IL US","    0",",,N","    0",",,N",,,,,,,,,,
"US1ILAD0005","2009-03-21","39.87667","-91.370833","182.0","QUINCY 4.0 SSE, IL US","    0",",,N","    0",",,N",,,,,,,,,,
"US1ILAD0005","2009-03-22","39.87667","-91.370833","182.0","QUINCY 4.0 SSE, IL US","    0",",,N","    0",",,N",,,,,,,,,,
"US1ILAD0005","2009-03-23","39.87667","-91.370833","182.0","QUINCY 4.0 SSE, IL US","    8",",,N",,,,,,,,,,,,
"US1ILAD0005","2009-03-24","39.87667","-91.370833","182.0","QUINCY 4.0 SSE, IL US","    0",",,N","    0",",,N",,,,,,,,,,
"US1ILAD0005","2009-03-25","39.87667","-91.370833","182.0","QUINCY 4.0 SSE, IL US","  442",",,N",,,,,,,,,,,,
"US1ILAD0005","2009-03-26","39.87667","-91.370833","182.0","QUINCY 4.0 SSE, IL US","    0",",,N","    0",",,N",,,,,,,,,,
"US1ILAD0005","2009-03-27","39.87667","-91.370833","182.0","QUINCY 4.0 SSE, IL US","    0",",,N","    0",",,N",,,,,,,,,,
"US1ILAD0005","2009-03-29","39.87667","-91.370833","182.0","QUINCY 4.0 SSE, IL US","  358",",,N","   23",",,N","   25",",,N",,,,,"    8",",,N","    8",",,N"
"US1ILAD0005","2009-03-30","39.87667","-91.370833","182.0","QUINCY 4.0 SSE, IL US","    0",",,N","    0",",,N",,,,,,,,,,
"US1ILAD0005","2009-03-31","39.87667","-91.370833","182.0","QUINCY 4.0 SSE, IL US","    0",",,N","    0",",,N",,,,,,,,,,
"US1ILAD0005","2009-04-08","39.87667","-91.370833","182.0","QUINCY 4.0 SSE, IL US",,,,,,,"    2",",,N","   69",",,N",,,,
"US1ILAD0005","2009-04-09","39.87667","-91.370833","182.0","QUINCY 4.0 SSE, IL US","    0",",,N","    0",",,N",,,,,,,,,,
"US1ILAD0005","2009-04-10","39.87667","-91.370833","182.0","QUINCY 4.0 SSE, IL US","  183",",,N",,,,,,,,,,,,
"US1ILAD0005","2009-04-11","39.87667","-91.370833","182.0","QUINCY 4.0 SSE, IL US","   69",",,N",,,,,,,,,,,,
"US1ILAD0005","2009-04-12","39.87667","-91.370833","182.0","QUINCY 4.0 SSE, IL US","    0",",,N","    0",",,N",,,,,,,,,,
"US1ILAD0005","2009-04-13","39.87667","-91.370833","182.0","QUINCY 4.0 SSE, IL US","  137",",,N",,,,,,,,,,,,
"US1ILAD0005","2009-04-14","39.87667","-91.370833","182.0","QUINCY 4.0 SSE, IL US","   30",",,N",,,,,,,,,,,,
"US1ILAD0005","2009-04-15","39.87667","-91.370833","182.0","QUINCY 4.0 SSE, IL US","    0",",,N","    0",",,N",,,,,,,,,,
"US1ILAD0005","2009-04-16","39.87667","-91.370833","182.0","QUINCY 4.0 SSE, IL US","    0",",,N","    0",",,N",,,,,,,,,,
"US1ILAD0005","2009-04-17","39.87667","-91.370833","182.0","QUINCY 4.0 SSE, IL US","    0",",,N","    0",",,N",,,,,,,,,,
"US1ILAD0005","2009-04-18","39.87667","-91.370833","182.0","QUINCY 4.0 SSE, IL US","    0","T,,N",,,,,,,,,,,,
"US1ILAD0005","2009-04-19","39.87667","-91.370833","182.0","QUINCY 4.0 SSE, IL US","  188",",,N",,,,,,,,,,,,
"US1ILAD0005","2009-04-20","39.87667","-91.370833","182.0","QUINCY 4.0 SSE, IL US","   84",",,N",,,,,,,,,,,,
"US1ILAD0005","2009-04-21","39.87667","-91.370833","182.0","QUINCY 4.0 SSE, IL US","    0",",,N","    0",",,N",,,,,,,,,,
"US1ILAD0005","2009-04-22","39.87667","-91.370833","182.0","QUINCY 4.0 SSE, IL US","    0",",,N","    0",",,N",,,,,,,,,,
"US1ILAD0005","2009-04-23","39.87667","-91.370833","182.0","QUINCY 4.0 SSE, IL US","    0",",,N","    0",",,N",,,,,,,,,,
"US1ILAD0005","2009-04-24","39.87667","-91.370833","182.0","QUINCY 4.0 SSE, IL US","    0",",,N","    0",",,N",,,,,,,,,,
"US1ILAD0005","2009-04-25","39.87667","-91.370833","182.0","QUINCY 4.0 SSE, IL US","    0",",,N","    0",",,N",,,,,,,,,,
"US1ILAD0005","2009-04-26","39.87667","-91.370833","182.0","QUINCY 4.0 SSE, IL US","    0",",,N","    0",",,N",,,,,,,,,,
"US1ILAD0005","2009-04-27","39.87667","-91.370833","182.0","QUINCY 4.0 SSE, IL US","   58",",,N",,,,,,,,,,,,
"US1ILAD0005","2009-04-28","39.87667","-91.370833","182.0","QUINCY 4.0 SSE, IL US","  274",",,N",,,,,,,,,,,,
"US1ILAD0005","2009-04-29","39.87667","-91.370833","182.0","QUINCY 4.0 SSE, IL US","    5",",,N",,,,,,,,,,,,
"US1ILAD0005","2009-04-30","39.87667","-91.370833","182.0","QUINCY 4.0 SSE, IL US","  439",",,N",,,,,,,,,,,,
"US1ILAD0005","2009-05-01","39.87667","-91.370833","182.0","QUINCY 4.0 SSE, IL US","    0",",,N","    0",",,N",,,,,,,,,,
"US1ILAD0005","2009-05-02","39.87667","-91.370833","182.0","QUINCY 4.0 SSE, IL US","   38",",,N",,,,,,,,,,,,
"US1ILAD0005","2009-05-03","39.87667","-91.370833","182.0","QUINCY 4.0 SSE, IL US","    0",",,N","    0",",,N",,,,,,,,,,
"US1ILAD0005","2009-05-04","39.87667","-91.370833","182.0","QUINCY 4.0 SSE, IL US","    0",",,N","    0",",,N",,,,,,,,,,
"US1ILAD0005","2009-05-05","39.87667","-91.370833","182.0","QUINCY 4.0 SSE, IL US","    0",",,N","    0",",,N",,,,,,,,,,
"US1ILAD0005","2009-05-06","39.87667","-91.370833","182.0","QUINCY 4.0 SSE, IL US","    0",",,N","    0",",,N",,,,,,,,,,
"US1ILAD0005","2009-05-07","39.87667","-91.370833","182.0","QUINCY 4.0 SSE, IL US","    0",",,N","    0",",,N",,,,,,,,,,
"US1ILAD0005","2009-05-08","39.87667","-91.370833","182.0","QUINCY 4.0 SSE, IL US","   69",",,N",,,,,,,,,,,,
"US1ILAD0005","2009-05-09","39.87667","-91.370833","182.0","QUINCY 4.0 SSE, IL US","   51",",,N",,,,,,,,,,,,
"US1ILAD0005","2009-05-10","39.87667","-91.370833","182.0","QUINCY 4.0 SSE, IL US","    0",",,N","    0",",,N",,,,,,,,,,
"US1ILAD0005","2009-05-11","39.87667","-91.370833","182.0","QUINCY 4.0 SSE, IL US","   10",",,N",,,,,,,,,,,,
"US1ILAD0005","2009-05-12","39.87667","-91.370833","182.0","QUINCY 4.0 SSE, IL US","    0",",,N","    0",",,N",,,,,,,,,,
"US1ILAD0005","2009-05-13","39.87667","-91.370833","182.0","QUINCY 4.0 SSE, IL US","   28",",,N",,,,,,,,,,,,
"US1ILAD0005","2009-05-14","39.87667","-91.370833","182.0","QUINCY 4.0 SSE, IL US","   86",",,N",,,,,,,,,,,,
"US1ILAD0005","2009-05-15","39.87667","-91.370833","182.0","QUINCY 4.0 SSE, IL US","    8",",,N",,,,,,,,,,,,
"US1ILAD0005","2009-05-16","39.87667","-91.370833","182.0","QUINCY 4.0 SSE, IL US","  587",",,N",,,,,,,,,,,,
"US1ILAD0005","2009-05-17","39.87667","-91.370833","182.0","QUINCY 4.0 SSE, IL US","    0",",,N","    0",",,N",,,,,,,,,,
"US1ILAD0005","2009-05-18","39.87667","-91.370833","182.0","QUINCY 4.0 SSE, IL US","    5",",,N",,,,,,,,,,,,
"US1ILAD0005","2009-05-19","39.87667","-91.370833","182.0","QUINCY 4.0 SSE, IL US","    0",",,N","    0",",,N",,,,,,,,,,
"US1ILAD0005","2009-05-20","39.87667","-91.370833","182.0","QUINCY 4.0 SSE, IL US","    0",",,N","    0",",,N",,,,,,,,,,
"US1ILAD0005","2009-05-21","39.87667","-91.370833","182.0","QUINCY 4.0 SSE, IL US","    0",",,N","    0",",,N",,,,,,,,,,
"US1ILAD0005","2009-05-22","39.87667","-91.370833","182.0","QUINCY 4.0 SSE, IL US","    0",",,N","    0",",,N",,,,,,,,,,
"US1ILAD0005","2009-05-24","39.87667","-91.370833","182.0","QUINCY 4.0 SSE, IL US",,,,,,,"    2",",,N","    0",",,N",,,,
"US1ILAD0005","2009-05-25","39.87667","-91.370833","182.0","QUINCY 4.0 SSE, IL US","   53",",,N",,,,,,,,,,,,
"US1ILAD0005","2009-05-26","39.87667","-91.370833","182.0","QUINCY 4.0 SSE, IL US","  160",",,N",,,,,,,,,,,,
"US1ILAD0005","2009-05-27","39.87667","-91.370833","182.0","QUINCY 4.0 SSE, IL US","   91",",,N",,,,,,,,,,,,
"US1ILAD0005","2009-05-28","39.87667","-91.370833","182.0","QUINCY 4.0 SSE, IL US","    8",",,N",,,,,,,,,,,,
"US1ILAD0005","2009-05-29","39.87667","-91.370833","182.0","QUINCY 4.0 SSE, IL US","    0",",,N","    0",",,N",,,,,,,,,,
"US1ILAD0005","2009-05-30","39.87667","-91.370833","182.0","QUINCY 4.0 SSE, IL US","    5",",,N",,,,,,,,,,,,
"US1ILAD0005","2009-05-31","39.87667","-91.370833","182.0","QUINCY 4.0 SSE, IL US","    0",",,N","    0",",,N",,,,,,,,,,
"US1ILAD0005","2009-06-01","39.87667","-91.370833","182.0","QUINCY 4.0 SSE, IL US","    0",",,N","    0",",,N",,,,,,,,,,
"US1ILAD0005","2009-06-02","39.87667","-91.370833","182.0","QUINCY 4.0 SSE, IL US","    0",",,N","    0",",,N",,,,,,,,,,
"US1ILAD0005","2009-06-03","39.87667","-91.370833","182.0","QUINCY 4.0 SSE, IL US","   86",",,N",,,,,,,,,,,,
"US1ILAD0005","2009-06-04","39.87667","-91.370833","182.0","QUINCY 4.0 SSE, IL US","   13",",,N",,,,,,,,,,,,
"US1ILAD0005","2009-06-05","39.87667","-91.370833","182.0","QUINCY 4.0 SSE, IL US","    0",",,N","    0",",,N",,,,,,,,,,
"US1ILAD0005","2009-06-08","39.87667","-91.370833","182.0","QUINCY 4.0 SSE, IL US",,,,,,,"    2",",,N","   33",",,N",,,,
"US1ILAD0005","2009-06-09","39.87667","-91.370833","182.0","QUINCY 4.0 SSE, IL US","    5",",,N",,,,,,,,,,,,
"US1ILAD0005","2009-06-10","39.87667","-91.370833","182.0","QUINCY 4.0 SSE, IL US","  239",",,N",,,,,,,,,,,,
"US1ILAD0005","2009-06-11","39.87667","-91.370833","182.0","QUINCY 4.0 SSE, IL US","   38",",,N",,,,,,,,,,,,
"US1ILAD0005","2009-06-12","39.87667","-91.370833","182.0","QUINCY 4.0 SSE, IL US","   51",",,N",,,,,,,,,,,,
"US1ILAD0005","2009-06-13","39.87667","-91.370833","182.0","QUINCY 4.0 SSE, IL US","    5",",,N",,,,,,,,,,,,
"US1ILAD0005","2009-06-14","39.87667","-91.370833","182.0","QUINCY 4.0 SSE, IL US","    0",",,N","    0",",,N",,,,,,,,,,
"US1ILAD0005","2009-06-15","39.87667","-91.370833","182.0","QUINCY 4.0 SSE, IL US","    0","T,,N",,,,,,,,,,,,
"US1ILAD0005","2009-06-16","39.87667","-91.370833","182.0","QUINCY 4.0 SSE, IL US","  119",",,N",,,,,,,,,,,,
"US1ILAD0005","2009-06-17","39.87667","-91.370833","182.0","QUINCY 4.0 SSE, IL US","    5",",,N",,,,,,,,,,,,
"US1ILAD0005","2009-06-18","39.87667","-91.370833","182.0","QUINCY 4.0 SSE, IL US","    0",",,N","    0",",,N",,,,,,,,,,
"US1ILAD0005","2009-06-19","39.87667","-91.370833","182.0","QUINCY 4.0 SSE, IL US","    0",",,N","    0",",,N",,,,,,,,,,
"US1ILAD0005","2009-06-20","39.87667","-91.370833","182.0","QUINCY 4.0 SSE, IL US","   46",",,N",,,,,,,,,,,,
"US1ILAD0005","2009-06-21","39.87667","-91.370833","182.0","QUINCY 4.0 SSE, IL US","   46",",,N",,,,,,,,,,,,
"US1ILAD0005","2009-06-22","39.87667","-91.370833","182.0","QUINCY 4.0 SSE, IL US","    8",",,N",,,,,,,,,,,,
"US1ILAD0005","2009-06-23","39.87667","-91.370833","182.0","QUINCY 4.0 SSE, IL US","   79",",,N",,,,,,,,,,,,
"US1ILAD0005","2009-06-24","39.87667","-91.370833","182.0","QUINCY 4.0 SSE, IL US","    0",",,N","    0",",,N",,,,,,,,,,
"US1ILAD0005","2009-06-25","39.87667","-91.370833","182.0","QUINCY 4.0 SSE, IL US","    0",",,N","    0",",,N",,,,,,,,,,
"US1ILAD0005","2009-06-26","39.87667","-91.370833","182.0","QUINCY 4.0 SSE, IL US","    0",",,N","    0",",,N",,,,,,,,,,
"US1ILAD0005","2009-06-28","39.87667","-91.370833","182.0","QUINCY 4.0 SSE, IL US",,,,,,,"    2",",,N","    8",",,N",,,,
"US1ILAD0005","2009-06-29","39.87667","-91.370833","182.0","QUINCY 4.0 SSE, IL US","    0",",,N","    0",",,N",,,,,,,,,,
"US1ILAD0005","2009-06-30","39.87667","-91.370833","182.0","QUINCY 4.0 SSE, IL US","    0",",,N","    0",",,N",,,,,,,,,,
"US1ILAD0005","2009-07-01","39.87667","-91.370833","182.0","QUINCY 4.0 SSE, IL US","    0",",,N","    0",",,N",,,,,,,,,,
"US1ILAD0005","2009-07-02","39.87667","-91.370833","182.0","QUINCY 4.0 SSE, IL US","    0",",,N","    0",",,N",,,,,,,,,,
"US1ILAD0005","2009-07-03","39.87667","-91.370833","182.0","QUINCY 4.0 SSE, IL US","    0",",,N","    0",",,N",,,,,,,,,,
"US1ILAD0005","2009-07-04","39.87667","-91.370833","182.0","QUINCY 4.0 SSE, IL US","  173",",,N",,,,,,,,,,,,
"US1ILAD0005","2009-07-05","39.87667","-91.370833","182.0","QUINCY 4.0 SSE, IL US","   51",",,N",,,,,,,,,,,,
"US1ILAD0005","2009-07-06","39.87667","-91.370833","182.0","QUINCY 4.0 SSE, IL US","    0",",,N","    0",",,N",,,,,,,,,,
"US1ILAD0005","2009-07-31","39.87667","-91.370833","182.0","QUINCY 4.0 SSE, IL US","    0",",L,N","    0",",,N",,,"   25",",L,N","  513",",L,N",,,,
"US1ILAD0005","2009-08-01","39.87667","-91.370833","182.0","QUINCY 4.0 SSE, IL US","    0",",L,N","    0",",,N",,,,,,,,,,
"US1ILAD0005","2009-08-02","39.87667","-91.370833","182.0","QUINCY 4.0 SSE, IL US",,,,,,,"    2",",L,N","   64",",L,N",,,,
"US1ILAD0005","2009-08-03","39.87667","-91.370833","182.0","QUINCY 4.0 SSE, IL US","    0",",,N","    0",",,N",,,,,,,,,,
"US1ILAD0005","2009-08-04","39.87667","-91.370833","182.0","QUINCY 4.0 SSE, IL US","   33",",,N",,,,,,,,,,,,
"US1ILAD0005","2009-08-05","39.87667","-91.370833","182.0","QUINCY 4.0 SSE, IL US","   20",",,N",,,,,,,,,,,,
"US1ILAD0005","2009-08-06","39.87667","-91.370833","182.0","QUINCY 4.0 SSE, IL US","    0",",,N","    0",",,N",,,,,,,,,,
"US1ILAD0005","2009-08-07","39.87667","-91.370833","182.0","QUINCY 4.0 SSE, IL US","    0",",,N","    0",",,N",,,,,,,,,,
"US1ILAD0005","2009-08-08","39.87667","-91.370833","182.0","QUINCY 4.0 SSE, IL US","   33",",,N","    0",",,N",,,,,,,,,,
"US1ILAD0005","2009-08-09","39.87667","-91.370833","182.0","QUINCY 4.0 SSE, IL US","    0",",,N","    0",",,N",,,,,,,,,,
"US1ILAD0005","2009-08-10","39.87667","-91.370833","182.0","QUINCY 4.0 SSE, IL US","   74",",,N",,,,,,,,,,,,
"US1ILAD0005","2009-08-11","39.87667","-91.370833","182.0","QUINCY 4.0 SSE, IL US","    3",",,N",,,,,,,,,,,,
"US1ILAD0005","2009-08-12","39.87667","-91.370833","182.0","QUINCY 4.0 SSE, IL US","    0",",,N","    0",",,N",,,,,,,,,,
"US1ILAD0005","2009-08-13","39.87667","-91.370833","182.0","QUINCY 4.0 SSE, IL US","   13",",,N",,,,,,,,,,,,
"US1ILAD0005","2009-08-15","39.87667","-91.370833","182.0","QUINCY 4.0 SSE, IL US",,,,,,,"    2",",,N","    0",",,N",,,,
"US1ILAD0005","2009-08-16","39.87667","-91.370833","182.0","QUINCY 4.0 SSE, IL US","    5",",,N",,,,,,,,,,,,
"US1ILAD0005","2009-08-17","39.87667","-91.370833","182.0","QUINCY 4.0 SSE, IL US"," 1133",",,N",,,,,,,,,,,,
"US1ILAD0005","2009-08-18","39.87667","-91.370833","182.0","QUINCY 4.0 SSE, IL US","  236",",,N",,,,,,,,,,,,
"US1ILAD0005","2009-08-19","39.87667","-91.370833","182.0","QUINCY 4.0 SSE, IL US","    3",",,N",,,,,,,,,,,,
"US1ILAD0005","2009-08-20","39.87667","-91.370833","182.0","QUINCY 4.0 SSE, IL US","  516",",,N",,,,,,,,,,,,
"US1ILAD0005","2009-08-21","39.87667","-91.370833","182.0","QUINCY 4.0 SSE, IL US","   15",",,N",,,,,,,,,,,,
"US1ILAD0005","2009-08-22","39.87667","-91.370833","182.0","QUINCY 4.0 SSE, IL US","    0",",,N","    0",",,N",,,,,,,,,,
"US1ILAD0005","2009-08-23","39.87667","-91.370833","182.0","QUINCY 4.0 SSE, IL US","    0",",,N","    0",",,N",,,,,,,,,,
"US1ILAD0005","2009-08-24","39.87667","-91.370833","182.0","QUINCY 4.0 SSE, IL US","    0",",,N","    0",",,N",,,,,,,,,,
"US1ILAD0005","2009-08-25","39.87667","-91.370833","182.0","QUINCY 4.0 SSE, IL US","    0",",,N","    0",",,N",,,,,,,,,,
"US1ILAD0005","2009-08-26","39.87667","-91.370833","182.0","QUINCY 4.0 SSE, IL US","    0",",,N","    0",",,N",,,,,,,,,,
"US1ILAD0005","2009-08-27","39.87667","-91.370833","182.0","QUINCY 4.0 SSE, IL US","    0",",,N","    0",",,N",,,,,,,,,,
"US1ILAD0005","2009-08-28","39.87667","-91.370833","182.0","QUINCY 4.0 SSE, IL US","  191",",,N",,,,,,,,,,,,
"US1ILAD0005","2009-08-29","39.87667","-91.370833","182.0","QUINCY 4.0 SSE, IL US","    0",",,N","    0",",,N",,,,,,,,,,
"US1ILAD0005","2009-08-30","39.87667","-91.370833","182.0","QUINCY 4.0 SSE, IL US","    0",",,N","    0",",,N",,,,,,,,,,
"US1ILAD0005","2009-08-31","39.87667","-91.370833","182.0","QUINCY 4.0 SSE, IL US","    0",",,N","    0",",,N",,,,,,,,,,
"US1ILAD0005","2009-09-01","39.87667","-91.370833","182.0","QUINCY 4.0 SSE, IL US","    0",",,N","    0",",,N",,,,,,,,,,
"US1ILAD0005","2009-09-02","39.87667","-91.370833","182.0","QUINCY 4.0 SSE, IL US","    0",",,N","    0",",,N",,,,,,,,,,
"US1ILAD0005","2009-09-03","39.87667","-91.370833","182.0","QUINCY 4.0 SSE, IL US","    0",",,N","    0",",,N",,,,,,,,,,
"US1ILAD0005","2009-09-04","39.87667","-91.370833","182.0","QUINCY 4.0 SSE, IL US","    0",",,N","    0",",,N",,,,,,,,,,
"US1ILAD0005","2009-09-05","39.87667","-91.370833","182.0","QUINCY 4.0 SSE, IL US","    0",",,N","    0",",,N",,,,,,,,,,
"US1ILAD0005","2009-09-06","39.87667","-91.370833","182.0","QUINCY 4.0 SSE, IL US","   18",",,N",,,,,,,,,,,,
"US1ILAD0005","2009-09-07","39.87667","-91.370833","182.0","QUINCY 4.0 SSE, IL US","    0",",,N","    0",",,N",,,,,,,,,,
"US1ILAD0005","2009-09-08","39.87667","-91.370833","182.0","QUINCY 4.0 SSE, IL US","    0",",,N","    0",",,N",,,,,,,,,,
"US1ILAD0005","2009-09-09","39.87667","-91.370833","182.0","QUINCY 4.0 SSE, IL US","    0",",,N","    0",",,N",,,,,,,,,,
"US1ILAD0005","2009-09-10","39.87667","-91.370833","182.0","QUINCY 4.0 SSE, IL US","    0",",,N","    0",",,N",,,,,,,,,,
"US1ILAD0005","2009-09-11","39.87667","-91.370833","182.0","QUINCY 4.0 SSE, IL US","    0",",,N","    0",",,N",,,,,,,,,,
"US1ILAD0005","2009-09-12","39.87667","-91.370833","182.0","QUINCY 4.0 SSE, IL US","    0",",,N","    0",",,N",,,,,,,,,,
"US1ILAD0005","2009-09-13","39.87667","-91.370833","182.0","QUINCY 4.0 SSE, IL US","    0",",,N","    0",",,N",,,,,,,,,,
"US1ILAD0005","2009-09-14","39.87667","-91.370833","182.0","QUINCY 4.0 SSE, IL US","    0",",,N","    0",",,N",,,,,,,,,,
"US1ILAD0005","2009-09-15","39.87667","-91.370833","182.0","QUINCY 4.0 SSE, IL US","    0",",,N","    0",",,N",,,,,,,,,,
"US1ILAD0005","2009-09-16","39.87667","-91.370833","182.0","QUINCY 4.0 SSE, IL US","    0",",,N","    0",",,N",,,,,,,,,,
"US1ILAD0005","2009-09-17","39.87667","-91.370833","182.0","QUINCY 4.0 SSE, IL US","    0",",,N","    0",",,N",,,,,,,,,,
"US1ILAD0005","2009-09-18","39.87667","-91.370833","182.0","QUINCY 4.0 SSE, IL US","    0",",,N","    0",",,N",,,,,,,,,,
"US1ILAD0005","2009-09-19","39.87667","-91.370833","182.0","QUINCY 4.0 SSE, IL US","    0",",,N","    0",",,N",,,,,,,,,,
"US1ILAD0005","2009-09-20","39.87667","-91.370833","182.0","QUINCY 4.0 SSE, IL US","    0",",,N","    0",",,N",,,,,,,,,,
"US1ILAD0005","2009-09-21","39.87667","-91.370833","182.0","QUINCY 4.0 SSE, IL US","   18",",,N",,,,,,,,,,,,
"US1ILAD0005","2009-09-22","39.87667","-91.370833","182.0","QUINCY 4.0 SSE, IL US","   46",",,N",,,,,,,,,,,,
"US1ILAD0005","2009-10-15","39.87667","-91.370833","182.0","QUINCY 4.0 SSE, IL US",,,,,,,"   23",",,N"," 1354",",,N",,,,
"US1ILAD0005","2009-10-16","39.87667","-91.370833","182.0","QUINCY 4.0 SSE, IL US","    8",",,N",,,,,,,,,,,,
"US1ILAD0005","2009-10-17","39.87667","-91.370833","182.0","QUINCY 4.0 SSE, IL US","    3",",,N",,,,,,,,,,,,
"US1ILAD0005","2009-10-19","39.87667","-91.370833","182.0","QUINCY 4.0 SSE, IL US",,,,,,,"    2",",,N","    0",",,N",,,,
"US1ILAD0005","2009-10-20","39.87667","-91.370833","182.0","QUINCY 4.0 SSE, IL US","    0",",,N","    0",",,N",,,,,,,,,,
"US1ILAD0005","2009-10-21","39.87667","-91.370833","182.0","QUINCY 4.0 SSE, IL US","    5",",,N",,,,,,,,,,,,
"US1ILAD0005","2009-10-22","39.87667","-91.370833","182.0","QUINCY 4.0 SSE, IL US","   58",",,N",,,,,,,,,,,,
"US1ILAD0005","2009-10-23","39.87667","-91.370833","182.0","QUINCY 4.0 SSE, IL US","  358",",,N",,,,,,,,,,,,
"US1ILAD0005","2009-10-24","39.87667","-91.370833","182.0","QUINCY 4.0 SSE, IL US","    5",",,N",,,,,,,,,,,,
"US1ILAD0005","2009-10-26","39.87667","-91.370833","182.0","QUINCY 4.0 SSE, IL US","  224",",,N",,,,,,,,,,,,
"US1ILAD0005","2009-10-27","39.87667","-91.370833","182.0","QUINCY 4.0 SSE, IL US","    0",",,N","    0",",,N",,,,,,,,,,
"US1ILAD0005","2009-10-28","39.87667","-91.370833","182.0","QUINCY 4.0 SSE, IL US","    0",",,N","    0",",,N",,,,,,,,,,
"US1ILAD0005","2009-10-29","39.87667","-91.370833","182.0","QUINCY 4.0 SSE, IL US","    0","T,,N",,,,,,,,,,,,
"US1ILAD0005","2009-10-30","39.87667","-91.370833","182.0","QUINCY 4.0 SSE, IL US","  414",",,N",,,,,,,,,,,,
"US1ILAD0005","2009-10-31","39.87667","-91.370833","182.0","QUINCY 4.0 SSE, IL US","    0",",,N","    0",",,N",,,,,,,,,,
"US1ILAD0005","2009-11-01","39.87667","-91.370833","182.0","QUINCY 4.0 SSE, IL US","    0",",,N","    0",",,N",,,,,,,,,,
"US1ILAD0005","2009-11-02","39.87667","-91.370833","182.0","QUINCY 4.0 SSE, IL US","    0",",,N","    0",",,N",,,,,,,,,,
"US1ILAD0005","2009-11-03","39.87667","-91.370833","182.0","QUINCY 4.0 SSE, IL US","    0",",,N","    0",",,N",,,,,,,,,,
"US1ILAD0005","2009-11-05","39.87667","-91.370833","182.0","QUINCY 4.0 SSE, IL US",,,,,,,"    2",",,N","    0",",,N",,,,
"US1ILAD0005","2009-11-06","39.87667","-91.370833","182.0","QUINCY 4.0 SSE, IL US","    0",",,N","    0",",,N",,,,,,,,,,
"US1ILAD0005","2009-11-07","39.87667","-91.370833","182.0","QUINCY 4.0 SSE, IL US","    0",",,N","    0",",,N",,,,,,,,,,
"US1ILAD0005","2009-11-08","39.87667","-91.370833","182.0","QUINCY 4.0 SSE, IL US","    0",",,N","    0",",,N",,,,,,,,,,
"US1ILAD0005","2009-11-09","39.87667","-91.370833","182.0","QUINCY 4.0 SSE, IL US","    0",",,N","    0",",,N",,,,,,,,,,
"US1ILAD0005","2009-11-10","39.87667","-91.370833","182.0","QUINCY 4.0 SSE, IL US","    0","T,,N",,,,,,,,,,,,
"US1ILAD0005","2009-11-11","39.87667","-91.370833","182.0","QUINCY 4.0 SSE, IL US","  114",",,N",,,,,,,,,,,,
"US1ILAD0005","2009-11-12","39.87667","-91.370833","182.0","QUINCY 4.0 SSE, IL US","    0",",,N","    0",",,N",,,,,,,,,,
"US1ILAD0005","2009-11-13","39.87667","-91.370833","182.0","QUINCY 4.0 SSE, IL US","    0",",,N","    0",",,N",,,,,,,,,,
"US1ILAD0005","2009-11-14","39.87667","-91.370833","182.0","QUINCY 4.0 SSE, IL US","    0",",,N","    0",",,N",,,,,,,,,,
"US1ILAD0005","2009-11-15","39.87667","-91.370833","182.0","QUINCY 4.0 SSE, IL US","   30",",,N",,,,,,,,,,,,
"US1ILAD0005","2009-11-16","39.87667","-91.370833","182.0","QUINCY 4.0 SSE, IL US","  213",",,N",,,,,,,,,,,,
"US1ILAD0005","2009-11-17","39.87667","-91.370833","182.0","QUINCY 4.0 SSE, IL US","  485",",,N",,,,,,,,,,,,
"US1ILAD0005","2009-11-18","39.87667","-91.370833","182.0","QUINCY 4.0 SSE, IL US","   64",",,N",,,,,,,,,,,,
"US1ILAD0005","2009-11-19","39.87667","-91.370833","182.0","QUINCY 4.0 SSE, IL US","   30",",,N",,,,,,,,,,,,
"US1ILAD0005","2009-11-20","39.87667","-91.370833","182.0","QUINCY 4.0 SSE, IL US","    5",",,N",,,,,,,,,,,,
"US1ILAD0005","2009-11-21","39.87667","-91.370833","182.0","QUINCY 4.0 SSE, IL US","    0",",,N","    0",",,N",,,,,,,,,,
"US1ILAD0005","2009-11-22","39.87667","-91.370833","182.0","QUINCY 4.0 SSE, IL US","    0",",,N","    0",",,N",,,,,,,,,,
"US1ILAD0005","2009-11-30","39.87667","-91.370833","182.0","QUINCY 4.0 SSE, IL US",,,,,,,"    7",",,N","   23",",,N",,,,
"US1ILAD0005","2009-12-01","39.87667","-91.370833","182.0","QUINCY 4.0 SSE, IL US","    0",",,N","    0",",,N",,,,,,,,,,
"US1ILAD0005","2009-12-02","39.87667","-91.370833","182.0","QUINCY 4.0 SSE, IL US","    0",",,N","    0",",,N",,,,,,,,,,
"US1ILAD0005","2009-12-03","39.87667","-91.370833","182.0","QUINCY 4.0 SSE, IL US","    8",",,N",,,,,,,,,,,,
"US1ILAD0005","2009-12-04","39.87667","-91.370833","182.0","QUINCY 4.0 SSE, IL US","    0",",,N","    0",",,N",,,,,,,,,,
"US1ILAD0005","2009-12-17","39.87667","-91.370833","182.0","QUINCY 4.0 SSE, IL US",,,,,"    0",",,N","   12",",,N","  127",",,N","    0",",,N",,
"US1ILAD0005","2009-12-18","39.87667","-91.370833","182.0","QUINCY 4.0 SSE, IL US","    0",",,N","    0",",,N",,,,,,,,,,
"US1ILAD0005","2009-12-19","39.87667","-91.370833","182.0","QUINCY 4.0 SSE, IL US","   66",",,N","   53",",,N",,,,,,,,,"   66",",,N"
"US1ILAD0005","2009-12-20","39.87667","-91.370833","182.0","QUINCY 4.0 SSE, IL US","    0",",,N","    0",",,N",,,,,,,,,,
"US1ILAD0005","2009-12-21","39.87667","-91.370833","182.0","QUINCY 4.0 SSE, IL US","   10",",,N","   41",",,N",,,,,,,,,"   10",",,N"
"US1ILAD0005","2009-12-22","39.87667","-91.370833","182.0","QUINCY 4.0 SSE, IL US","    0",",,N","    0",",,N",,,,,,,,,,
"US1ILAD0005","2009-12-23","39.87667","-91.370833","182.0","QUINCY 4.0 SSE, IL US","    8",",,N",,,,,,,,,,,,
"US1ILAD0005","2009-12-24","39.87667","-91.370833","182.0","QUINCY 4.0 SSE, IL US","  170",",,N",,,,,,,,,,,,
"US1ILAD0005","2009-12-25","39.87667","-91.370833","182.0","QUINCY 4.0 SSE, IL US","  241",",,N",,,,,,,,,,,,
